Time (min),clk_ANIMO,CLK_ANIMO,cry_ANIMO,CRY_ANIMO,cwo_ANIMO,CWO_ANIMO,CYC/CLK_ANIMO,pdp1_ANIMO,PDP1_ANIMO,PER_ANIMO,per_ANIMO,PER/TIM-p_ANIMO,TIM_ANIMO,tim_ANIMO,VRI_ANIMO,vri_ANIMO
0,32,24,0,7.4074074074,52.9411764706,33.3333333333,64.1025641026,40,14.2857142857,15.7894736842,51.4285714286,1.4705882353,19.6078431373,36.6666666667,6.0240963855,42.5
4.24,,,,,,,66.6666666667,42.2222222222,15.5844155844,,,,,,,
4.7,,,,,,,,,,,54.2857142857,,,,,45
6.02,,,,,,,,,,,,,,,7.2289156627,
6.52,,,,,,,,,,,,,21.568627451,40,,
8.58,,,,,,,69.2307692308,44.4444444444,16.8831168831,,,,,,,
9.2,,,,,58.8235294118,,,,,,57.1428571429,,,,,47.5
9.78,,,,,,38.0952380952,,,,,,,,,,
11.7,,,,,,,,,,,,,,,8.4337349398,
12.4,,,,,,,,,18.1818181818,,,,,,,
12.66,,,,,,,,,,,,,23.5294117647,,,
12.82,,,,,,,71.7948717949,46.6666666667,,,,,,43.3333333333,,
13.78,,,,,,,,,,,60,,,,,50
15.36,,,,,,,,,,21.0526315789,,,,,,
16,36,,,,,,,,19.4805194805,,,,,,,
17.16,,,,,,,,48.8888888889,,,,,,,,
17.44,,28,,,,,74.358974359,,,,,,,,9.6385542169,
18.18,,,,,64.7058823529,,,,,,62.8571428571,2.9411764706,25.4901960784,,,52.5
18.98,,,,,,42.8571428571,,,,,,,,46.6666666667,,
19.6,,,,,,,,,20.7792207792,,,,,,,
21.04,,,,,,,,51.1111111111,,,,,,,,
21.48,,,,,,,76.9230769231,,,,,,,,,
22.18,,,,,,,,,,,,,,,10.843373494,
22.88,,,,,,,,,,,,,,,,55
23.04,,,,,,,,,22.0779220779,,65.7142857143,,27.4509803922,,,
25.04,,,,,,,,53.3333333333,,,,,,50,,
25.82,,,,,,,79.4871794872,,,,,,,,,
26.34,,,,,,,,,23.3766233766,,,,,,,
26.86,,,,,70.5882352941,,,,,,,,,,12.0481927711,57.5
27.28,,,,,,,,,,,68.5714285714,,,,,
27.84,,,,,,47.619047619,,,,,,,29.4117647059,,,
29.12,,,,,,,,55.5555555556,,26.3157894737,,,,,,
29.52,40,,,,,,,,24.6753246753,,,,,,,
30.52,,,,,,,82.0512820513,,,,,,,53.3333333333,,
31.46,,,,,,,,,,,,,,,13.2530120482,60
32.08,,,,,,,,,,,71.4285714286,,,,,
32.34,,,,,,,,,,,,4.4117647059,31.3725490196,,,
32.98,,,,,,,,57.7777777778,25.974025974,,,,,,,
34.54,,32,,,,,84.6153846154,,,,,,,,,
35.4,,,,,,,,,,,,,,,14.4578313253,62.5
36,,,,,,,,,27.2727272727,,,,,,,
36.36,,,,,76.4705882353,52.380952381,,,,,,,,,,
36.58,,,,,,,,,,,,,,56.6666666667,,
36.94,,,,,,,,,,,,,33.3333333333,,,
37.18,,,,,,,,60,,,74.2857142857,,,,,
38.9,,,,,,,87.1794871795,,28.5714285714,,,,,,,
39.56,,,,,,,,,,,,,,,15.6626506024,65
40.66,,,,,,,,62.2222222222,,,,,,,,
41.48,,,,,,,,,,,,,35.2941176471,,,
41.8,,,,,,,,,,31.5789473684,,,,,,
41.94,,,,,,,,,29.8701298701,,77.1428571429,,,60,,
42.42,44,,,,,,,,,,,,,,,
42.94,,,,,,,,,,,,5.8823529412,,,,
43.9,,,,,,,,,,,,,,,16.8674698795,67.5
44.6,,,,,,,,64.4444444444,31.1688311688,,,,,,,
45.4,,,,,,57.1428571429,89.7435897436,,,,,,,,,
45.76,,,,,,,,,,,,,37.2549019608,,,
45.8,,,,3.7037037037,,,,,,,,,,,,
46.58,,,,,82.3529411765,,,,,,80,,,,,
47.6,,,,,,,,,32.4675324675,,,,,63.3333333333,18.0722891566,
48.62,,,,,,,,66.6666666667,,,,,,,,70
49.42,,,,,,,,,,,,,39.2156862745,,,
50.22,,,,,,,,,33.7662337662,,,,,,,
51.48,,36,,,,,92.3076923077,,,,82.8571428571,,,,19.2771084337,
51.94,,,,,,,,68.8888888889,,,,,,,,
52.88,,,,,,,,,,,,,,,,72.5
53.04,,,,,,,,,,36.8421052632,,7.3529411765,,,,
53.22,,,,,,,,,35.0649350649,,,,41.1764705882,66.6666666667,,
53.9,,,,,,61.9047619048,,,,,,,,,,
54.9,48,,,,,,,,,,,,,,20.4819277108,
55.9,,,,,,,,71.1111111111,36.3636363636,,,,,,,
57.2,,,,,,,,,,,85.7142857143,,,,,
57.42,,,,,88.2352941176,,94.8717948718,,,,,,43.137254902,,,75
58.56,,,,,,,,,37.6623376623,,,,,70,21.686746988,
59.66,,,,,,,,73.3333333333,,,,,,,,
61.08,,,,,,,,,38.961038961,,,,,,,
61.22,,,,,,,,,,,,,45.0980392157,,,
61.54,,,,,,,,,,,,8.8235294118,,,,
61.78,,,,,,,,,,,,,,,,77.5
62.14,,,,,,66.6666666667,,,,,88.5714285714,,,,22.8915662651,
63.54,,,,,,,,,40.2597402597,,,,,,,
63.76,,,,,,,,75.5555555556,,42.1052631579,,,,,,
64.72,,,,,,,,,,,,,47.0588235294,73.3333333333,,
65.2,,,,,,,,,,,,,,,24.0963855422,
65.84,,,,,,,,,41.5584415584,,,,,,,
66.72,52,40,,,,,97.4358974359,,,,,,,,,80
67.64,,,,,,,,77.7777777778,,,91.4285714286,,,,,
68.64,,,,,,,,,42.8571428571,,,10.2941176471,49.0196078431,,25.3012048193,
69.32,,,,,94.1176470588,,,,,,,,,,,
69.96,,,,,,71.4285714286,,,,,,,,,,
70.76,,,,,,,,,44.1558441558,,,,,76.6666666667,,
71.5,,,,,,,,,,,,,,,,82.5
71.88,,,,,,,,,,,,,,,26.5060240964,
72.24,,,,,,,,80,,,,,50.9803921569,,,
73.16,,,,,,,,,45.4545454545,,,,,,,
74.38,,,,,,,,,,47.3684210526,94.2857142857,,,,,
74.92,,,,,,,,,,,,11.7647058824,,,27.7108433735,
75.6,,,,,,,,,46.7532467532,,,,,,,
76.28,,,,,,,,82.2222222222,,,,,52.9411764706,,,
76.62,,,,,,,,,,,,,,80,,85
78.04,56,,,,,,,,48.0519480519,,,,,,28.9156626506,
78.66,,,,,,76.1904761905,,,,,,,,,,
79.42,,44,,,,,100,,,,,,,,,
80.08,,,,,,,,,,,,,54.9019607843,,,
80.56,,,,,,,,,49.3506493506,,,,,,,
80.86,,,,,,,,84.4444444444,,,,,,,,
81.2,,,,,,,,,,,,13.2352941176,,,,
81.42,,,,,,,,,,,,,,,30.1204819277,87.5
81.8,,,,,,,,,,,97.1428571429,,,,,
82.94,,,,,,,,,50.6493506494,,,,,83.3333333333,,
83.3,,,,,,,,,,,,,56.862745098,,,
84.26,,,,,,,,,,52.6315789474,,,,,31.3253012048,
85.26,,,,,,,,86.6666666667,51.9480519481,,,,,,,
85.8,,,,,100,,,,,,,,,,,
86.24,,,,,,,,,,,,14.7058823529,,,,
87,,,,,,,,,,,,,,,,90
87.24,,,,,,80.9523809524,,,,,,,,,,
87.32,,,,,,,,,53.2467532468,,,,58.8235294118,,32.5301204819,
89.1,60,,,,,,,,,,,,,,,
89.92,,,,,,,,,54.5454545455,,,,,86.6666666667,,
90.24,,,,,,,,88.8888888889,,,,,,,,
90.52,,,,,,,,,,,,,60.7843137255,,33.734939759,
91.64,,,,,,,,,,,,16.1764705882,,,,
91.94,,48,,,,,,,55.8441558442,,100,,,,,
92.66,,,,,,,,,,,,,,,,92.5
93.16,,,,,,,,,,,,,,,34.9397590361,
94.38,,,,,,,,,57.1428571429,57.8947368421,,,62.7450980392,,,
94.9,,,,,,,,91.1111111111,,,,,,,,
96.12,,,,,,85.7142857143,,,,,,17.6470588235,,,36.1445783133,
96.52,,,,,,,,,58.4415584416,,,,,,,
97.24,,,,,,,,,,,,,,90,,
97.78,,,,,,,,,,,,,64.7058823529,,,
99.08,,,,0,,,,,59.7402597403,,,,,,,
99.32,64,,,,,,,,,,,,,,37.3493975904,95
100.8,,,,,,,,93.3333333333,,,,,,,,
101.02,,,,,,,97.4358974359,,61.038961039,,,19.1176470588,,,,
101.72,,,,,,,,,,,,,66.6666666667,,,
101.96,,,,,,,,,,,,,,,38.5542168675,
103.28,,,,,,,,,62.3376623377,,,,,,,
104.3,,52,,,,,,,,63.1578947368,,,,,,
105.1,,,,,,,,,,,,20.5882352941,68.6274509804,93.3333333333,39.7590361446,
105.82,,,,,,,,,63.6363636364,,,,,,,
106.52,,,,,,90.4761904762,,,,,,,,,,
107.96,,,,,,,,95.5555555556,,,,,,,,
108.16,,,,,,,,,64.9350649351,,,,,,40.9638554217,97.5
109.06,,,,,,,,,,,,22.0588235294,70.5882352941,,,
109.54,68,,,,,,,,,,,,,,,
110.1,,,,,,,,,66.2337662338,,,,,,,
110.68,,,,,,,,,,,,,,,42.1686746988,
112.4,,,,,,,,,67.5324675325,,,,,,,
113.14,,,,,,,94.8717948718,,,,,23.5294117647,72.5490196078,,,
113.88,,,,,,,,,,,,,,,43.3734939759,
114.74,,,,,,,,,68.8311688312,68.4210526316,,,,,,
115.14,,,,,,,,,,,,,,96.6666666667,,
115.92,,,,,,,,97.7777777778,,,,,,,,
116.8,,56,,,,,,,,,,,74.5098039216,,44.578313253,
117.02,,,,,,,,,,,,25,,,,
117.26,,,,,,,,,70.1298701299,,,,,,,
118.56,,,,,,95.2380952381,,,,,,,,,,
119.42,72,,,,,,,,71.4285714286,,,,,,45.7831325301,
120.54,,,,,,,,,,,,26.4705882353,76.4705882353,,,100
121.7,,,1,,,,,,72.7272727273,,,,,,,
122.28,,,,,94.1176470588,,92.3076923077,,,,97.1428571429,,,,46.9879518072,
124.34,,,,,,,,,74.025974026,,,27.9411764706,,,,
124.78,,,,,,,,,,,,,78.431372549,,,
125.16,,,,,,,,,,,,,,,48.1927710843,
126.2,,,,,,,,,,73.6842105263,,,,,,
126.54,,,2,,,,,,75.3246753247,,,,,,,
128.08,,,,,,,89.7435897436,,,,,29.4117647059,,,,
128.26,,,,,,,,,,,,,,,49.3975903614,
128.5,,60,,,,,,,,,,,,,,
129.3,76,,,,,,,,76.6233766234,,,,80.3921568627,,,
130.54,,,3,,,,,,,,,,,100,,
131.18,,,,,,,,,,,,,,,50.6024096386,
131.42,,,,,,,,100,77.9220779221,,,30.8823529412,,,,
133.56,,,4,,,,,,,,,,,,,
133.88,,,,,,,,,,,,,82.3529411765,,,
134,,,,,,,,,79.2207792208,,,,,,51.8072289157,
134.62,,,,,,,87.1794871795,,,,,32.3529411765,,,,
135.12,,,,,,,,,,,94.2857142857,,,,,
136.38,,,5,,,,,,80.5194805195,,,,,,,
137,,,,,,,,,,,,,,,53.0120481928,
138.12,,,,,,100,,,,78.9473684211,,33.8235294118,84.3137254902,,,
138.94,80,64,6,,,,,,81.8181818182,,,,,,,
140.04,,,,,,,,,,,,,,,54.2168674699,
141.32,,,,,,,,,,,,35.2941176471,,,,
141.5,,,7,,,,,,83.1168831169,,,,,,,
142.22,,,,,88.2352941176,,,,,,,,,,,
143.1,,,,,,,,,,,,,86.2745098039,,55.421686747,
143.52,,,8,,,,,,,,,,,,,
144.22,,,,,,,84.6153846154,,84.4155844156,,91.4285714286,36.7647058824,,,,
145.56,,,9,,,,,,,,,,,,,
146.5,,,,,,,,,,,,,,,56.6265060241,
146.82,,,,,,,,,85.7142857143,,,,,,,
147.472,,,10,,,,,,,,,38.2352941176,,,,
148.24,,,,,,,,,,,,,88.2352941176,,,
148.78,84,68,,,,,,,,,,,,,,
149.56,,,11,,,,,,87.012987013,,,,,,57.8313253012,
151.06,,,12,,,,,,,84.2105263158,,39.7058823529,,,,
152.48,,,,,,,,,88.3116883117,,,,,,,
152.744,,,13,,,,,,,,,,,,59.0361445783,
153.74,,,,,,,,,,,88.5714285714,,,,,
153.96,,,,,,,82.0512820513,,,,,41.1764705882,90.1960784314,,,
154.338,,,14,3.7037037037,,,,,,,,,,,,
155.2,,,,,,,,,89.6103896104,,,,,,,
155.848,,,15,,,,,,,,,,,,60.2409638554,
156.76,,,,,,,,,,,,42.6470588235,,,,
157.358,,,16,,,,,,,,,,,,,
158.38,88,72,,,,,,,90.9090909091,,,,,,,
159.06,,,17,,82.3529411765,,,,,,,,,,61.4457831325,
160.18,,,,,,,,,,,,44.1176470588,,,,
160.38,,,18,,,,,,,,,,92.1568627451,,,
161.06,,,,,,,,,92.2077922078,,,,,,,
161.66,,,19,,,,,,,,85.7142857143,,,,,
162.46,,,,,,,,,,,,,,,62.6506024096,
162.98,,,20,,,,79.4871794872,,,,,45.5882352941,,,,97.5
164.154,,,21,,,,,,93.5064935065,,,,,,,
165.62,,,22,,,,,,,,,,,,,
165.98,,,,,,,,,,89.4736842105,,47.0588235294,,,63.8554216867,
166.646,,,23,,,,,,,,,,,,,
167.46,,,,,,,,,94.8051948052,,,,94.1176470588,,,
167.98,92,76,24,,,,,,,,,,,,,
169.12,,,,,,,,,,,,48.5294117647,,,,
169.3,,,25,,,,,,,,82.8571428571,,,,65.0602409639,
170.34,,,26,,,,,,96.1038961039,,,,,,,
171.58,,,27,,,,,,,,,,,,,
171.78,,,,,,,76.9230769231,97.7777777778,,,,50,,,,
172.66,,,28,,,,,,,,,,,,66.265060241,
173.86,,,29,7.4074074074,76.4705882353,,,,97.4025974026,,,,,,,
174.82,,,30,,,,,,,,,51.4705882353,,,,
175.94,,,31,,,,,,,,,,96.0784313725,,,
176.24,,,,,,,,,,,80,,,,67.4698795181,
176.686,,,32,,,,,,,,,,,,,
177.34,,,,,,,,,98.7012987013,,,,,,,
177.84,,,33,,,,,,,,,,,,,
178.08,,,,,,,,,,,,52.9411764706,,,,
178.42,96,80,,,,,,,,,,,,,,
178.698,,,34,,,,,,,,,,,,,
179.86,,,35,,,,,,,,,,,,68.6746987952,
180.96,,,36,,,,,,100,,,54.4117647059,,,,
181.63,,,37,,,,,,,,,,,,,
182.2,,,,,,,74.358974359,,,,77.1428571429,,,,,95
182.6,,,38,,,,,,,,,,,,,
183.72,,,39,,,,,,,,,,,,69.8795180723,
184.434,,,40,,,,,,,,,55.8823529412,,,,
185.26,,,,,,,,,,,,,98.0392156863,,,
185.44,,,41,,,,,,,94.7368421053,,,,,,
186.438,,,42,11.1111111111,,,,,,,,,,,,
187.122,,,43,,,,,,,,,57.3529411765,,,,
187.99,,,,,,,,,,,,,,,71.0843373494,
188.34,,,44,,70.5882352941,,,,,,,,,,,
188.858,,,,,,,,,,,74.2857142857,,,,,
189.2,,84,45,,,,,,,,,,,,,
190,,,46,,,,,,,,,,,,,
190.34,,,,,,,,,,,,58.8235294118,,,,
190.58,100,,47,,,,,95.5555555556,,,,,,,,
191.6,,,48,,,,,,,,,,,,72.2891566265,
192.234,,,49,,,,,,,,,,,,,
193.054,,,50,,,,71.7948717949,,,,,60.2941176471,,96.6666666667,,
194.072,,,51,,,,,,,,,,,,,
194.86,,,52,,,,,,,,71.4285714286,,,,,
195.79,,,53,,,,,,,,,,,,73.4939759036,
196.262,,,54,14.8148148148,,,,,,,,61.7647058824,,,,
197.04,,,55,,,,,,,,,,,,,
197.4,,,,,,,,,,,,,,,,92.5
197.81,,,56,,,,,,,,,,,,,
198.94,,,57,,,,,,,,,,,,,
199.54,,,58,,,95.2380952381,,,,,,63.2352941176,,,,
200.18,,,,,,,,,,,,,,,74.6987951807,
200.352,,88,59,,,,,,,,,,,,,
200.846,,,60,,,,,,,,,,,,,
201.71,,,61,,,,,,,,,,,,,
202.46,,,62,,,,,,,,,,,,,
202.8,,,,,,,,,,,68.5714285714,,,,,
203.048,,,63,,,,,,,,,64.7058823529,100,,,
203.764,,,64,,,,,,,,,,,,,
204.48,,,65,18.5185185185,,,,,,,,,,,75.9036144578,
205.496,,,66,,,,,,,,,,,,,
206.14,,,67,,64.7058823529,,69.2307692308,93.3333333333,,,,66.1764705882,,,,
206.644,,,68,,,,,,,,,,,,,
207.296,,,69,,,,,,,,,,,,,
208.06,,,70,,,,,,,,,,,,,
208.846,,,71,,,,,,,,,,,,77.1084337349,
209.58,,,72,,,,,,,,65.7142857143,,,,,
209.902,,,,,,,,,,,,67.6470588235,,,,
210.34,,,73,,,,,,,,,,,,,
210.916,,,74,,,,,,,,,,,,,
211.56,,,75,,,,,,,,,,,,,
211.91,,,,22.2222222222,,,,,,,,,,,,
212.04,,,76,,,,,,,,,,,,,
212.868,,,77,,,,,,,,,,,,,90
213.48,,,78,,,,,,,,,69.1176470588,,,,
213.808,,92,,,,,,,,,,,,,78.313253012,
214.1,,,79,,,,,,,100,,,,,,
214.9,,,80,,,,,,,,,,,,,
215.608,,,81,,,,,,,,,,,,,
215.92,,,82,,,,,,,,,,,,,
216.72,,,83,,,,,,,,62.8571428571,70.5882352941,,,,
217.334,,,84,,,,,,,,,,,,,
217.88,,,85,,,,,,,,,,,,,
218.168,,,,25.9259259259,,,,,,,,,,,,
218.424,,,86,,,,,,,,,,,,79.5180722892,
219.046,,,87,,,,,,,,,,,,,
219.8,,,88,,,,66.6666666667,91.1111111111,,,,72.0588235294,,,,
220.57,,,89,,,,,,,,,,,,,
220.876,,,90,,,,,,,,,,,,,
221.74,,,91,,58.8235294118,90.4761904762,,,,,,,,,,
222.092,,,92,,,,,,,,,,,,,
222.832,,,93,,,,,,,,,,,,,
223.562,,,94,,,,,,,,,73.5294117647,,,80.7228915663,
223.87,,,95,,,,,,,,,,,,,
224.02,,,,29.6296296296,,,,,,,,,,,,
224.78,,,96,,,,,,,,,,,,,
225.038,,,97,,,,,,,,60,,,,,
225.682,,,98,,,,,,,,,,,,,
226.364,,,99,,,,,,,,,,,,,
227.036,,,100,,,,,,,,,75,,,,
228.58,,,,,,,,,,,,,,,81.9277108434,
229.28,,,,33.3333333333,,,,,,,,,,,,87.5
230.396,,96,,,,,,,,,,,,,,
230.86,,,,,,,,,,,,76.4705882353,,,,
233.756,,,,,,,,,,,57.1428571429,,,,,
233.78,,,,,,,,,,,,,,,83.1325301205,
234.6,,,,,,,,,,,,77.9411764706,,,,
235.42,,,,37.037037037,,,,,,,,,,,,
237.788,,,,,,,,88.8888888889,,,,,,,,
238.68,,,,,,,64.1025641026,,,,,79.4117647059,,93.3333333333,,
239.36,,,,,,,,,,,,,,,84.3373493976,
240.6,,,,,52.9411764706,85.7142857143,,,,,,,,,,
241.22,,,,40.7407407407,,,,,,,,,,,,
243.164,,,,,,,,,,,54.2857142857,80.8823529412,,,,
245.18,,,,,,,,,,,,,,,85.5421686747,
246.524,,,,,,,,,,,,,,,,85
247.64,,,,,,,,,,,,82.3529411765,,,,
247.868,,,,44.4444444444,,,,,,,,,,,,
251.38,96,,,,,,,,,,,,,,86.7469879518,
252.4,,,,,,,61.5384615385,,,,51.4285714286,83.8235294118,,,,
252.572,,,,,,,,86.6666666667,,,,,,,,
254.588,,,,48.1481481481,,,,,,,,,98.0392156863,,,
257.32,,,,,,,,,,,,85.2941176471,,,,
258.02,,,,,,,,,,,,,,,87.9518072289,
258.22,,,,,,80.9523809524,,,,,,,,,,
261.56,,,,51.8518518519,,,,,,,,,,,,
262.86,,,,,,,,,,,,86.7647058824,,,,
263.996,,,,,,,58.9743589744,,,,48.5714285714,,,,,82.5
265.2,,,,,,,,,,,,,,,89.156626506,
265.34,,,,,47.0588235294,,,,,,,,,,,
267.576,,100,,,,,,,,,,,,,,
268.74,,,,,,,,84.4444444444,,,,88.2352941176,,,,
269.2,,,,55.5555555556,,,,,,,,,,,,
272.52,92,,,,,,,,,,,,,,90.3614457831,
273.68,,,,,,76.1904761905,,,,,,,,,,
274.36,,,,,,,61.5384615385,,,,,,,,,
275,,,,,,,,,,,,89.7058823529,,,,
277.38,,,,59.2592592593,,,,,,,,,,,,
279.74,,,,,,,,,,,,,,,91.5662650602,
281.876,,,,,,,,,,,,91.1764705882,,,,
284.16,,,,,,,,,,,45.7142857143,,,,,
284.88,,,,,,,58.9743589744,,,,,,,,,80
286.2,,,,62.962962963,,,,,,,,,,,,
288.52,,,,,,,,,,,,,,,92.7710843373,
288.88,88,,,,,,,,,,,92.6470588235,,,,
293.316,,,,,,71.4285714286,,,,,,,,,,
295.8,,,,66.6666666667,,,,,,,,,96.0784313725,,,
297.52,,,,,,,,,,,,94.1176470588,,,93.9759036145,
302.8,84,96,,,,,56.4102564103,82.2222222222,,,42.8571428571,,,,,
305.28,,,,,,,,,,,,,,,,77.5
306.34,,,,70.3703703704,,,,,,,,,,,,
307.04,,,,,,,,,,,,95.5882352941,,,,
307.616,,,,,,,,,,,,,,,95.1807228916,
315.7,80,,,,41.1764705882,66.6666666667,53.8461538462,,,,,,,90,,
317.56,,,,,,,,,,,,97.0588235294,,,,
318.36,,,,74.0740740741,,,,,,,,,94.1176470588,,96.3855421687,
325.4,,,,,,,,,,,40,,,,,
327.4,,,,,,,,,,,,,,,,75
327.636,76,92,,,,,51.2820512821,80,,,,,,,,
331.54,,,,77.7777777778,,,,,,,,98.5294117647,,,97.5903614458,
337.64,,,,,,61.9047619048,,,,,,,,,,
338.26,72,,,,,,,,,,,,,,,
344.796,,88,,,,,48.7179487179,,,,37.1428571429,,,,,72.5
346.58,,,,81.4814814815,,,,,,,,,92.1568627451,,,
348.22,68,,,,,,,,,,,,,,98.7951807229,
350.8,,,,,,,,77.7777777778,,,,,,,,
352.34,,,,,,,,,,,,100,,,,
358.22,64,84,,,35.2941176471,57.1428571429,46.1538461538,,,,,,,86.6666666667,,
362.66,,,,,,,,,,,,,,,,70
364.816,,,,85.1851851852,,,,,,,,,,,,
366.22,,,,,,,,,,,,,90.1960784314,,,
368.22,60,,,,,,,,,,,,,,,
369.1,,,,,,,,,,94.7368421053,,,,,,
370.536,,,,,,,,,,,34.2857142857,,,,,
371.42,,80,,,,,43.5897435897,75.5555555556,,,,,,,100,
377.52,56,,,,,,,,,,,,,,,
378.22,,,,,,,,,,,,,,,,67.5
384.16,,76,,,,,41.0256410256,,,,,,,,,
384.22,,,,,,52.380952381,,,,,31.4285714286,,88.2352941176,83.3333333333,,
386.88,52,,,88.8888888889,,,,,,,,,,,,
391.92,,,,,,,,73.3333333333,,,,,,,,
394.54,,,,,,,,,,,,,,,,65
396.276,48,72,,,,,,,,,,,,,,
396.74,,,,,29.4117647059,,38.4615384615,,,,,98.5294117647,,,,
401.02,,,,,,,,,,,28.5714285714,,,,,
404.22,,,,,,,,,,,,,86.2745098039,,,
405.66,44,,,,,,,,,,,,,,,
406.46,,68,,,,47.619047619,,,,,,,,,,
411.74,,,,,,,,,,,,,,,,62.5
415.32,40,,,,,,,71.1111111111,,,,,,,,
416.56,,64,,92.5925925926,,,35.8974358974,,,,,,,80,,
419.46,,,,,,,,,,,,,84.3137254902,,,
422.42,,,,,,,,,,89.4736842105,25.7142857143,97.0588235294,,,,
424.876,36,,,,,,,,,,,,,,,
426.56,,60,,,,,33.3333333333,,,,,,,,,60
428.98,,,,,,,,68.8888888889,,,,,,,,
434.2,32,,,,,,,,,,,,,,,
435.14,,,,,23.5294117647,42.8571428571,,,,,,,,,,
436.44,,56,,,,,,,,,,,,,,
438.04,,,,,,,30.7692307692,,,,,,,,,
439.176,,,,,,,,,,,,95.5882352941,,,,57.5
439.56,,,,,,,,,,,,,82.3529411765,76.6666666667,,
440.92,,,,,,,,,,,22.8571428571,,,,,
443.8,28,,,,,,,66.6666666667,,,,,,,,
446.22,,52,,,,,,,,,,,,,,
452.7,,,,,,,,,,,,,,,98.7951807229,55
454.26,24,,,,,,,,,,,,,,,
455.34,,,,,,,,,,,,94.1176470588,,,,
455.96,,48,,,,,28.2051282051,64.4444444444,,,20,,80.3921568627,,,
459.28,,,,96.2962962963,,,,,,,,,,73.3333333333,,
461.14,,,,,,38.0952380952,,,,,,,,,,
463.42,,,,,,,,,,84.2105263158,,,,,,
464.916,20,,,,,,,,,,,,,,,
465.44,,44,,,,,25.641025641,,,,,,,,,52.5
465.86,,,,,,,,,,,,92.6470588235,,,,
469.04,,,,,,,,62.2222222222,98.7012987013,,,,78.431372549,,,
472.7,,,,,,,,,,,,,,,97.5903614458,
474.54,,,,,17.6470588235,,,,,,17.1428571429,,,,,
475.52,16,40,,,,,23.0769230769,,,,,,,,,
476.26,,,,,,,,,,,,,,,,50
476.356,,,,,,,,,,,,91.1764705882,,70,,
480.36,,,,,,,,60,,,,,76.4705882353,,,
483.34,,,,,,33.3333333333,,,,,,,,,,
486.5,12,36,,,,,,,,,,89.7058823529,,,,
486.88,,,,,,,,,97.4025974026,,,,,,,
489,,,,,,,,,,,,,,,96.3855421687,47.5
492.04,,,,,,,20.5128205128,57.7777777778,,,14.2857142857,,,,,
493.94,,,,,,,,,,,,,74.5098039216,66.6666666667,,
496.6,,,,,,,,,,,,88.2352941176,,,,
497.42,8,32,,,,,,,,78.9473684211,,,,,,
501.04,,,,,,,,,,,,,,,95.1807228916,45
501.46,,,,,,,,,96.1038961039,,,,,,,
504.156,,,,,,,,55.5555555556,,,,,,,,
505.06,,,,,,,,,,,,86.7647058824,,,,
505.92,,,,,,,,,,,,,72.5490196078,,,
508.34,4,28,,,11.7647058824,28.5714285714,17.9487179487,,,,11.4285714286,,,,,
512.8,,,,,,,,,,,,,,63.3333333333,93.9759036145,42.5
513.8,,,,,,,,,94.8051948052,,,85.2941176471,,,,
516.396,,,,,,,,,,,,,70.5882352941,,,
517.1,,,,,,,,53.3333333333,,,,,,,,
518.8,,24,,,,,15.3846153846,,,,,,,,,
519.62,0,,,,,,,,,,,,,,,
522.116,,,,,,,,,,,,83.8235294118,,,,
523.7,,,,,,,,,,,,,,,92.7710843373,40
524.54,,,,,,,,,93.5064935065,,8.5714285714,,,,,
526.22,,,,,,,,,,73.6842105263,,,,,,
528.06,,,,,,,,51.1111111111,,,,,,,,
528.86,,,,,,,,,,,,82.3529411765,68.6274509804,60,,
529.38,,20,,,,,12.8205128205,,,,,,,,,
533.62,,,,,,,,,,,,,,,91.5662650602,37.5
534.08,,,,,,23.8095238095,,,92.2077922078,,,,,,,
536.416,,,,,,,,,,,,80.8823529412,,,,
539.86,,,,,,,,48.8888888889,,,,,66.6666666667,,,
542.46,,16,,,5.8823529412,,10.2564102564,,,,5.7142857143,,,,,
542.74,,,,100,,,,,90.9090909091,,,,,,90.3614457831,
543.4,,,,,,,,,,,,79.4117647059,,56.6666666667,,
543.896,,,,,,,,,,,,,,,,35
549.32,,,,,,,,,,,,,64.7058823529,,,
549.74,,,,,,,,46.6666666667,,,,,,,,
550.12,,,,,,,,,89.6103896104,,,,,,,
550.856,,,,,,,,,,,,77.9411764706,,,,
551.1,,,,,,,,,,,,,,,89.156626506,
554.02,,,,,,,,,,68.4210526316,,,,,,
555.176,,,,,,,,,,,,,,,,32.5
556.28,,,,,,19.0476190476,,,,,,,,,,
557.16,,,,,,,,,,,,76.4705882353,,,,
558.2,,12,,,,,7.6923076923,,,,,,,,,
558.4,,,,,,,,,88.3116883117,,,,62.7450980392,53.3333333333,,
558.82,,,,,,,,,,,,,,,87.9518072289,
559.976,,,,,,,,,,,2.8571428571,,,,,
560.32,,,,,,,,44.4444444444,,,,,,,,
563.816,,,,,,,,,,,,75,,,,
565.54,,,,,,,,,87.012987013,,,,,,,
566.2,,,,,,,,,,,,,,,86.7469879518,30
568.396,,,,,,,,,,,,,60.7843137255,,,
570.436,,,,,,,,,,,,73.5294117647,,,,
571.376,,,,,,,,42.2222222222,,,,,,,,
572.348,,,,,,,,,85.7142857143,,,,,,,
573.656,,,,,,,,,,,,,,,85.5421686747,
574.14,,,,,,,,,,,,,,50,,
577.24,,,,,,,,,,,,72.0588235294,58.8235294118,,,
578.5,,,,,,,,,,,,,,,,27.5
579.34,,8,,,0,14.2857142857,5.1282051282,,84.4155844156,63.1578947368,0,,,,,
580.724,,,,,,,,,,,,,,,84.3373493976,
582.776,,,,,,,,40,,,,,,,,
583.24,,,,,,,,,,,,70.5882352941,,,,
585.84,,,,,,,,,83.1168831169,,,,,,,
587.726,,,,,,,,,,,,,56.862745098,,83.1325301205,
589.616,,,,,,,,,,,,69.1176470588,,,,
590.36,,,,,,,,,,,,,,46.6666666667,,
591.522,,,,,,,,,,,,,,,,25
592.718,,,,,,,,,81.8181818182,,,,,,,
594.176,,,,,,,,,,,,,,,81.9277108434,
594.66,,,,,,,,37.7777777778,,,,,,,,
595.74,,,,,,,,,,,,67.6470588235,,,,
596.94,,,,,,,,,,,,,54.9019607843,,,
598.94,,,,,,,,,80.5194805195,,,,,,,
600.6,,,,,,,,,,,,,,,80.7228915663,
602.586,,,,,,,,,,,,66.1764705882,,,,
604.58,,,,,,,7.6923076923,,,,,,,,,
604.98,,,,,,9.5238095238,,,,57.8947368421,,,,,,
605.576,,,,,,,,,79.2207792208,,,,,,,
607.476,,,,,,,,,,,,,,,79.5180722892,
607.94,,,,,,,,,,,,64.7058823529,52.9411764706,,,
610.58,,4,,,,,,,,,,,,,,
611.56,,,,,,,5.1282051282,35.5555555556,77.9220779221,,,,,43.3333333333,,22.5
614,,,,,,,,,,,,63.2352941176,,,78.313253012,
617.93,,,,,,,,,76.6233766234,,,,50.9803921569,,,
620.38,,,,,,,,,,,,61.7647058824,,,,
620.666,,,,,,,,,,,,,,,77.1084337349,
624.54,,,,,,,,,75.3246753247,,,,,,,
626.64,,,,,,,,,,,,60.2941176471,,,,
627.19,,,,,,,,,,,,,,,75.9036144578,
627.98,,,,,,,,33.3333333333,,,,,,,,
629.356,,,,,,,2.5641025641,,,,,,49.0196078431,40,,20
630.772,,,,,,,,,74.025974026,,,,,,,
632.936,,,,,,,,,,52.6315789474,,58.8235294118,,,,
633.554,,,,,,,,,,,,,,,74.6987951807,
637.06,,,,,,,,,72.7272727273,,,,,,,
638.92,,,,,,,,,,,,57.3529411765,,,,
639.592,,,,,,,,,,,,,47.0588235294,,,
639.776,,,,,,,,,,,,,,,73.4939759036,
641.54,,,,,,,,31.1111111111,,,,,,,,
643.3,,,,,,,,,71.4285714286,,,,,,,
644.336,,,,,,4.7619047619,,,,,,,,,,
645.446,,,,,,,,,,,,55.8823529412,,,,
646.616,,,,,,,,,,,,,,,72.2891566265,
649.34,,,,,,,,,70.1298701299,,,,,,,17.5
651.912,,,,,,,,,,,,54.4117647059,45.0980392157,,,
652.584,,,,,,,,,,,,,,36.6666666667,71.0843373494,
655.944,,,,,,,,,68.8311688312,,,,,,,
658.66,,,,,,,5.1282051282,,,,,52.9411764706,,,69.8795180723,
662.576,,,,,,,,,,,,,43.137254902,,,
662.78,,,,,,,,,67.5324675325,47.3684210526,,,,,,
664.68,,,,,,,,,,,,51.4705882353,,,,
665.352,,,,,,,,,,,,,,,68.6746987952,
670.056,,,,,,,,28.8888888889,66.2337662338,,,,,,,
670.86,,,,,,,,,,,,50,,,,
671.696,,,,,,,,,,,,,,,67.4698795181,
674.088,,0,,,,,2.5641025641,,,,,,,,,15
675.432,,,,,,,,,,,,,41.1764705882,,,
676.28,,,,,,,,,64.9350649351,,,,,,,
676.776,,,,,,,,,,,,,,33.3333333333,,
677.74,,,,,,,,,,,,48.5294117647,,,66.265060241,
683.496,,,,,,,,,63.6363636364,,,,,,,
684.168,,,,,,,,,,,,,,,65.0602409639,
684.84,,,,,,,,,,,,47.0588235294,,,,
686.856,,,,,,,,,,,,,39.2156862745,,,
689.04,,,,,,,0,26.6666666667,,,,,,,,
689.592,,,,,,,,,62.3376623377,,,,,,,
689.936,,,99,,,,,,,,,,,,,
690.4,,,,,,,,,,,,,,,63.8554216867,
691.72,,,,,,,,,,,,45.5882352941,,,,
692.452,,,98,,,,,,,,,,,,,
693.18,,,,,,,,,,,,,,,,12.5
695.38,,,97,,,,,,,42.1052631579,,,,,,
696.42,,,,,,,,,61.038961039,,,,,,,
696.776,,,,,,,,,,,,,,,62.6506024096,
697.34,,,,,,,,,,,,,37.2549019608,30,,
698.24,,,96,,,,,,,,,44.1176470588,,,,
701.336,,,95,96.2962962963,,,,,,,,,,,,
702.56,,,,,,,,,,,,,,,61.4457831325,
703.1,,,,,,,,,59.7402597403,,,,,,,
703.892,,,94,,,,,,,,,,,,,
704.82,,,,,,,,24.4444444444,,,,,,,,
705.22,,,,,,,,,,,,42.6470588235,,,,
706.752,,,93,,,,,,,,,,,,,
708.82,,,,,,,,,,,,,,,60.2409638554,
709.612,,,92,,,,,,58.4415584416,,,,35.2941176471,,,
712.736,,,91,,,,,,,,,41.1764705882,,,,
715.332,,,90,,,,,,,,,,,,59.0361445783,10
716.22,,,,,,,,,57.1428571429,,,,,,,
718.192,,,89,,,,,,,,,,,,,
718.94,,,,,,,,,,,,,,26.6666666667,,
720.14,,,,,,,,,,,,39.7058823529,33.3333333333,,,
721.24,,,88,,,,,22.2222222222,,,,,,,57.8313253012,
722.42,,,,,,0,,,55.8441558442,,,,,,,
724.136,,,87,,,,,,,,,,,,,
726.772,,,86,,,,,,,,,,,,,
727.14,,,,,,,,,,,,,,,56.6265060241,
728.04,,,,,,,,,,,,38.2352941176,,,,
728.9,,,,,,,,,54.5454545455,,,,,,,
729.632,,,85,,,,,,,,,,,,,
730.976,,,,,,,,,,36.8421052632,,,,,,
732.492,,,84,,,,,,,,,,,,,
733.4,,,,,,,,,,,,,31.3725490196,,55.421686747,
735.536,,,,,,,,,,,,36.7647058824,,,,
735.7,,,83,,,,,,53.2467532468,,,,,,,
738.212,,,82,,,,,,,,,,,,,
740.096,,,,,,,,,,,,,,,54.2168674699,
741.072,,,81,,,,,,,,,,,,,
743.1,,,,,,,,,51.9480519481,,,35.2941176471,,,,
743.932,,,80,,,,,,,,,,,,,
746.34,,,,,,,,,,,,,,,53.0120481928,
746.84,,,79,,,,,20,,,,,,,,
748.94,,,,,,,,,,,,,29.4117647059,23.3333333333,,
749.652,,,78,92.5925925926,,,,,50.6493506494,,,,,,,
751.18,,,,,,,,,,,,33.8235294118,,,,
752.58,,,77,,,,,,,,,,,,51.8072289157,7.5
755.372,,,76,,,,,,,,,,,,,
756.26,,,,,,,,,49.3506493506,,,,,,,
758.232,,,75,,,,,,,,,,,,,
758.84,,,,,,,,,,,,,,,50.6024096386,
759.98,,,,,,,,,,,,32.3529411765,,,,
761.092,,,74,,,,,,,,,,,,,
762.98,,,,,,,,,,,,,27.4509803922,,,
763.48,,,,,,,,,48.0519480519,,,,,,,
763.952,,,73,,,,,,,,,,,,,
765.24,,,,,,,,,,,,,,,49.3975903614,
766.812,,,72,,,,,,,,,,,,,
769.12,,,,,,,,,,,,30.8823529412,,,,
769.78,,,71,,,,,,,31.5789473684,,,,,,
771.08,,,,,,,,,46.7532467532,,,,,,,
771.78,,,,,,,,,,,,,,,48.1927710843,
772.532,,,70,,,,,,,,,,,,,
774.24,,,,,,,,17.7777777778,,,,,,,,
775.392,,,69,,,,,,,,,,,,,
778.252,,,,,,,,,45.4545454545,,,29.4117647059,,,,
778.46,,,68,,,,,,,,,,,,46.9879518072,
779.852,,,,88.8888888889,,,,,,,,,,,,
781.112,,,67,,,,,,,,,,,,,
781.54,,,,,,,,,,,,,25.4901960784,20,,
783.972,,,66,,,,,,,,,,,,,
785.36,,,,,,,,,44.1558441558,,,,,,45.7831325301,
787.06,,,65,,,,,,,,,27.9411764706,,,,
789.692,,,64,,,,,,,,,,,,,
792.552,,,63,,,,,,,,,,,,44.578313253,
793.06,,,,,,,,,42.8571428571,,,,,,,
795.412,,,62,,,,,,,,,,,,,
796.86,,,,,,,,,,,,26.4705882353,23.5294117647,,,
798.272,,,61,,,,,,,,,,,,,
799.46,,,,,,,,,,,,,,,43.3734939759,
801.22,,,60,,,,,,41.5584415584,,,,,,,
802.78,,,,,,,,,,,,,,,,5
803.44,,,,,,,,15.5555555556,,,,,,,,
803.992,,,59,,,,,,,,,,,,,
805.452,,,,85.1851851852,,,,,,,,,,,,
806.14,,,,,,,,,,,,,,,42.1686746988,
806.852,,,58,,,,,,,,,,,,,
807.48,,,,,,,,,,,,25,,,,
808.62,,,,,,,,,40.2597402597,,,,,,,
809.712,,,57,,,,,,,,,,,,,
812.572,,,56,,,,,,,,,,,,,
813.18,,,,,,,,,,26.3157894737,,,,,40.9638554217,
815.432,,,55,,,,,,,,,,,,,
816.44,,,,,,,,,38.961038961,,,,,,,
817.26,,,,,,,,,,,,23.5294117647,21.568627451,16.6666666667,,
818.292,,,54,,,,,,,,,,,,,
819.98,,,,,,,,,,,,,,,39.7590361446,
821.152,,,53,,,,,,,,,,,,,
824.012,,,52,,,,,,,,,,,,,
824.7,,,,,,,,,37.6623376623,,,,,,,
827.14,,,51,,,,,,,,,,,,38.5542168675,
828.14,,,,81.4814814815,,,,,,,,22.0588235294,,,,
829.732,,,50,,,,,,,,,,,,,
832.592,,,49,,,,,,,,,,,,,
833.48,,,,,,,,,36.3636363636,,,,,,,
834.48,,,,,,,,,,,,,19.6078431373,,37.3493975904,
835.04,,,,,,,,13.3333333333,,,,,,,,
835.452,,,48,,,,,,,,,,,,,
838.312,,,47,,,,,,,,,,,,,
839.7,,,,,,,,,,,,20.5882352941,,,,
841.4,,,46,,,,,,35.0649350649,,,,,,,
842,,,,,,,,,,,,,,,36.1445783133,
844.032,,,45,,,,,,,,,,,,,
846.892,,,44,,,,,,,,,,,,,
848.852,,,,77.7777777778,,,,,,,,,,,,
849.78,,,43,,,,,,33.7662337662,,,,,,34.9397590361,
852.8,,,42,,,,,,,,,19.1176470588,,,,
855.472,,,41,,,,,,,,,,,,,
855.94,,,,,,,,,,,,,17.6470588235,13.3333333333,,
857.64,,,,,,,,,,,,,,,33.734939759,
858.332,,,40,,,,,,,,,,,,,
858.7,,,,,,,,,32.4675324675,,,,,,,
861.192,,,39,,,,,,,,,,,,,
861.98,,,,,,,,,,21.0526315789,,,,,,
864.052,,,38,,,,,,,,,,,,,
864.92,,,,,,,,,,,,17.6470588235,,,,
865.78,,,,,,,,,,,,,,,32.5301204819,
866.912,,,37,,,,,,,,,,,,,
868.22,,,,74.0740740741,,,,,31.1688311688,,,,,,,
869.24,,,,,,,,11.1111111111,,,,,,,,
869.772,,,36,,,,,,,,,,,,,
872.632,,,35,,,,,,,,,,,,,
874.14,,,,,,,,,,,,,,,31.3253012048,
875.492,,,34,,,,,,,,,,15.6862745098,,,
876.72,,,,,,,,,29.8701298701,,,,,,,
877.98,,,,,,,,,,,,16.1764705882,,,,2.5
878.352,,,33,,,,,,,,,,,,,
881.212,,,32,,,,,,,,,,,,,
881.86,,,,,,,,,,,,,,,30.1204819277,
884.072,,,31,,,,,,,,,,,,,
886.112,,,,70.3703703704,,,,,28.5714285714,,,,,,,
886.932,,,30,,,,,,,,,,,,,
889.792,,,29,,,,,,,,,,,,28.9156626506,
892.652,,,28,,,,,,,,,,,,,
893.04,,,,,,,,,,,,14.7058823529,,,,
895.512,,,27,,,,,,27.2727272727,,,,,,,
897.92,,,,,,,,,,,,,,,27.7108433735,
898.372,,,26,,,,,,,,,,,,,
899.34,,,,,,,,,,,,,13.7254901961,10,,
901.232,,,25,,,,,,,,,,,,,
903.072,,,,66.6666666667,,,,,,,,,,,,
904.092,,,24,,,,,,,,,,,,,
905.84,,,,,,,,,25.974025974,,,,,,,
906.64,,,,,,,,,,,,,,,26.5060240964,
906.952,,,23,,,,,8.8888888889,,,,,,,,
909.812,,,22,,,,,,,,,13.2352941176,,,,
912.672,,,21,,,,,,,,,,,,,
915.04,,,,,,,,,24.6753246753,,,,,,25.3012048193,
915.532,,,20,,,,,,,,,,,,,
917.78,,,,,,,,,,15.7894736842,,,,,,
918.392,,,19,,,,,,,,,,,,,
918.912,,,,62.962962963,,,,,,,,,,,,
921.252,,,18,,,,,,,,,,,,,
921.74,,,,,,,,,,,,,11.7647058824,,,
923.72,,,,,,,,,,,,,,,24.0963855422,
924.112,,,17,,,,,,,,,,,,,
925.16,,,,,,,,,23.3766233766,,,11.7647058824,,,,
926.972,,,16,,,,,,,,,,,,,
929.832,,,15,,,,,,,,,,,,,
932.84,,,14,,,,,,,,,,,,22.8915662651,
934.072,,,,59.2592592593,,,,,,,,,,,,
935.552,,,13,,,,,,22.0779220779,,,,,,,
938.412,,,12,,,,,,,,,,,,,
941.272,,,11,,,,,,,,,,,,,
942.24,,,,,,,,,,,,,,,21.686746988,
943.68,,,,,,,,,,,,10.2941176471,,,,
944.132,,,10,,,,,,,,,,,,,
946.992,,,9,,,,,,20.7792207792,,,,,,,
947.932,,,,,,,,6.6666666667,,,,,,,,
948.14,,,,,,,,,,,,,9.8039215686,6.6666666667,,
948.512,,,,55.5555555556,,,,,,,,,,,,
949.852,,,8,,,,,,,,,,,,,
951.94,,,,,,,,,,,,,,,20.4819277108,
952.712,,,7,,,,,,,,,,,,,
955.572,,,6,,,,,,,,,,,,,
956.86,,,,,,,,,19.4805194805,,,,,,,
958.432,,,5,,,,,,,,,,,,,
961.292,,,4,,,,,,,,,,,,,
962.192,,,,51.8518518519,,,,,,,,,,,19.2771084337,
964.152,,,3,,,,,,,,,,,,,
964.68,,,,,,,,,,,,8.8235294118,,,,
967.012,,,2,,,,,,,,,,,,,
967.62,,,,,,,,,18.1818181818,,,,,,,
969.872,,,1,,,,,,,,,,,,,
972.36,,,,,,,,,,,,,,,18.0722891566,
972.732,,,0,,,,,,,,,,,,,
974.14,,,,,,,,,,,,,7.8431372549,,,
975.732,,,,48.1481481481,,,,,,,,,,,,
979.26,,,,,,,,,16.8831168831,,,,,,,
983.232,,,,,,,,,,10.5263157895,,,,,16.8674698795,
984.88,,,,,,,,,,,,7.3529411765,,,,
989.852,,,,44.4444444444,,,,,,,,,,,,
991.94,,,,,,,,,15.5844155844,,,,,,,
993.272,,,,,,,,4.4444444444,,,,,,,,
994.24,,,,,,,,,,,,,,,15.6626506024,
1003.092,,,,,,,,,14.2857142857,,,,,,,
1004.09,,,,,,,,,,,,,5.8823529412,3.3333333333,,
1005.6,,,,40.7407407407,,,,,,,,,,,,
1005.82,,,,,,,,,,,,,,,14.4578313253,
1008.544,,,,,,,,,,,,5.8823529412,,,,
1014.78,,,,,,,,,12.987012987,,,,,,,
1017.86,,,,,,,,,,,,,,,13.2530120482,
1022.432,,,,37.037037037,,,,,,,,,,,,
1027.74,,,,,,,,,11.6883116883,,,,,,,
1028.6,,,,,,,,,,,,,,,,0
1028.952,,,,,,,,,,,,,,,12.0481927711,
1035.192,,,,,,,,,,,,,3.9215686275,,,
1036.88,,,,,,,,,,,,4.4117647059,,,,
1039.962,,,,,,,,,,,,,,,10.843373494,
1041.166,,,,33.3333333333,,,,,,,,,,,,
1042.02,,,,,,,,,10.3896103896,,,,,,,
1044.64,,,,,,,,2.2222222222,,,,,,,,
1051.462,,,,,,,,,,,,,,,9.6385542169,
1054.232,,,,,,,,,9.0909090909,,,,,,,
1061.212,,,,29.6296296296,,,,,,5.2631578947,,,,,,
1063.56,,,,,,,,,,,,,,,8.4337349398,
1067.554,,,,,,,,,7.7922077922,,,,,,,
1068.176,,,,,,,,,,,,2.9411764706,,,,
1069.408,,,,,,,,,,,,,1.9607843137,0,,
1076.116,,,,,,,,,,,,,,,7.2289156627,
1081.492,4,,,,,,,,,,,,,,,
1082.164,,,,,,,,,6.4935064935,,,,,,,
1083.612,,,,25.9259259259,,,,,,,,,,,,
1089,,,,,,,,,,,,,,,6.0240963855,
1098.36,,,,,,,,,5.1948051948,,,,,,,
1102.996,,,,,,,,,,,,,,,4.8192771084,
1103.412,,,,,,,,0,,,,,,,,
1105.94,,,,,,,,,,,,1.4705882353,0,,,
1108.412,,,,22.2222222222,,,,,,,,,,,,
1111.92,,,,,,,,,3.8961038961,,,,,,,
1117.328,,,,,,,,,,,,,,,3.6144578313,
1126.92,,,,,,,,,2.5974025974,,,,,,,
1132.08,8,4,,,,,,,,,,,,,2.4096385542,
1136.012,,,,18.5185185185,,,,,,,,,,,,
1141.42,,,,,,,2.5641025641,,,,,,,,,
1143.7,,,,,,,,,1.2987012987,,,,,,,
1147.94,,,,,,,,,,,,,,,1.2048192771,
1152.36,,,,,,,5.1282051282,,,,,,,,,
1157.368,,,,,,,,2.2222222222,,,,,,,,
1158.98,,,,,,,,,,0,,0,,,,
1164.972,12,8,,,,,7.6923076923,,,,2.8571428571,,1.9607843137,3.3333333333,0,2.5
1167.252,,,,14.8148148148,,,,,,,,,,,,
1170.46,,,,,5.8823529412,,10.2564102564,,,,,,,,,
1173.9,,,,,,,,,0,,,,,,,
1176.78,,,,,,,12.8205128205,4.4444444444,,,5.7142857143,,,,,
1178.46,,,,,,,,,,,,,,,,5
1183.72,,,,,,,15.3846153846,,,,,,,,,
1186.26,,,,,,,,,,,8.5714285714,,,6.6666666667,,
1188.828,,,,,11.7647058824,,,,,,,,,,,
1189.28,,,,,,,,6.6666666667,,,,,,,,
1190.72,,,,,,,,,,,,,,,,7.5
1191.688,,,,,,,17.9487179487,,,,,,,,,
1194.548,,,,,,,,,,,11.4285714286,,,,,
1195.66,,,,,,,,,,,,,3.9215686275,,,
1196.46,,,,,,4.7619047619,,,,,,,,,,
1200.268,,,,,,,20.5128205128,8.8888888889,,,,,,,,
1201.32,,,,,,,,,,,,,,,,10
1202.012,,,,11.1111111111,,,,,,,,,,,,
1203.78,,,,,,,,,,,14.2857142857,,,,,
1204.84,16,12,,,17.6470588235,,23.0769230769,,1.2987012987,,,,,10,,
1209.96,,,,,,,25.641025641,11.1111111111,,,,,,,,12.5
1210.9,,,,,,,,,,,17.1428571429,,,,,
1215.5,,,,,,,28.2051282051,,,,,,,,,
1217.12,,,,,,,,,,,,,5.8823529412,13.3333333333,,
1217.44,,,,,,,,13.3333333333,,,,,,,,
1217.74,,,,,,,,,,,20,,,,1.2048192771,15
1218.26,,,,,23.5294117647,9.5238095238,,,,,,,,,,
1220.288,,,,,,,,,2.5974025974,,,,,,,
1221.5,,,,,,,30.7692307692,,,,,,,,,
1224.78,,,,,,,,15.5555555556,,,22.8571428571,,,,,
1226.008,,,,,,,,,,,,,,,,17.5
1228.4,,,,,,,33.3333333333,,,,,,7.8431372549,16.6666666667,,
1229.5,,,,,,,,,,5.2631578947,,,,,,
1231.1,,,,,,,,,,,25.7142857143,,,,,
1231.88,,,,,29.4117647059,,,17.7777777778,3.8961038961,,,,,,,
1232.48,20,16,,,,14.2857142857,35.8974358974,,,,,,,,,20
1236.62,,,,,,,38.4615384615,,,,,,,,,
1237.448,,,,,,,,,,,28.5714285714,,,,,
1238.12,,,,,,,,20,,,,,,,,
1238.54,,,,,,,,,,,,,9.8039215686,20,,
1239.12,,,,,,,,,,,,,,,2.4096385542,22.5
1241.22,,,,,,,41.0256410256,,5.1948051948,,,,,,,
1241.812,,,,7.4074074074,,,,,,,,,,,,
1243.168,,,,,,,,,,,31.4285714286,,,,,
1244,,,,,35.2941176471,,,22.2222222222,,,,,,,,
1245.52,,,,,,19.0476190476,,,,,,,,,,25
1246.14,,,,,,,43.5897435897,,,,,,,,,
1248.08,,,,,,,,,,,,,11.7647058824,23.3333333333,,
1249.3,,,,,,,,,6.4935064935,,34.2857142857,,,,,
1250.08,,,,,,,,24.4444444444,,,,,,,,
1251.748,,,,,,,46.1538461538,,,,,,,,3.6144578313,27.5
1255.06,,,,,,,,,,10.5263157895,37.1428571429,1.4705882353,,,,
1255.96,,,,,41.1764705882,,,26.6666666667,7.7922077922,,,,,,,
1256.98,24,,,,,,,,,,,,13.7254901961,26.6666666667,,
1257.56,,,,,,23.8095238095,,,,,,,,,,30
1258.3,,20,,,,,48.7179487179,,,,,,,,,
1261.46,,,,,,,,,,,40,,,,,
1261.76,,,,,,,,28.8888888889,9.0909090909,,,,,,,
1262.48,,,,,,,51.2820512821,,,,,,,,4.8192771084,
1263.26,,,,,,,,,,,,,,,,32.5
1265.3,,,,,,,,,,,,,15.6862745098,30,,
1266.98,,,,,47.0588235294,,53.8461538462,31.1111111111,,,42.8571428571,,,,,
1267.38,,,,,,,,,10.3896103896,,,,,,,
1268.908,,,,,,28.5714285714,,,,,,,,,,35
1270.78,,,,,,,,,,,,,,,6.0240963855,
1271.84,,,,,,,56.4102564103,33.3333333333,,,,,,,,
1272.64,,,,,,,,,11.6883116883,,45.7142857143,,,,,
1273.12,,,,,,,,,,,,,17.6470588235,33.3333333333,,
1274.18,,,,,,,,,,,,,,,,37.5
1275.66,,,,,,,,,,15.7894736842,,,,,,
1277.08,,,,,,,58.9743589744,35.5555555556,,,,,,,,
1277.92,28,,,,52.9411764706,,,,12.987012987,,48.5714285714,,,,,
1278.7,,,,,,,,,,,,,,,7.2289156627,
1279.16,,,,,,33.3333333333,,,,,,,,,,
1279.78,,,,,,,,,,,,,,,,40
1280.348,,,,,,,,,,,,,19.6078431373,,,
1281.1,,,,,,,,,,,,,,36.6666666667,,
1282.22,,,,,,,,37.7777777778,14.2857142857,,,,,,,
1282.8,,,,,,,61.5384615385,,,,,,,,,
1283.208,,,,,,,,,,,51.4285714286,,,,,
1283.7,,24,,,,,,,,,,,,,,
1285.38,,,,,,,,,,,,,,,8.4337349398,42.5
1286.068,,,,,,,,,,,,2.9411764706,,,,
1287.02,,,,,,,,,,,,,21.568627451,,,
1287.2,,,,,,,64.1025641026,40,15.5844155844,,,,,,,
1287.612,,,,3.7037037037,,,,,,,,,,,,
1288.34,,,,,,,,,,,54.2857142857,,,40,,
1288.98,,,,,58.8235294118,38.0952380952,,,,,,,,,,
1290.52,,,,,,,,,,,,,,,,45
1291.788,,,,,,,,,16.8831168831,,,,,,,
1291.98,,,,,,,66.6666666667,42.2222222222,,,,,,,9.6385542169,
1292.56,,,,,,,,,,,,,23.5294117647,,,
1293.06,,,,,,,,,,21.0526315789,,,,,,
1293.88,,,,,,,,,,,57.1428571429,,,,,
1295.2,,,,,,,,,,,,,,43.3333333333,,
1295.86,32,,,,,,,,18.1818181818,,,,,,,47.5
1296.68,,,,,,,,44.4444444444,,,,,,,,
1297.54,,,,,,,69.2307692308,,,,,,,,10.843373494,
1298.04,,,,,,,,,,,,,25.4901960784,,,
1299.04,,,,,,,,,,,60,,,,,
1300.16,,,,,,,,,19.4805194805,,,,,,,
1300.368,,,,,,42.8571428571,,,,,,,,,,
1300.92,,,,,,,,,,,,,,,,50
1301.74,,,,,64.7058823529,,,46.6666666667,,,,,,,,
1302.44,,,,,,,,,,,,,,46.6666666667,,
1303.228,,,,,,,71.7948717949,,,,,,27.4509803922,,12.0481927711,
1303.82,,,,,,,,,20.7792207792,,,,,,,
1304.56,,,,,,,,,,,62.8571428571,,,,,
1305.92,,,,,,,,,,,,4.4117647059,,,,
1306.088,,,,,,,,48.8888888889,,,,,,,,52.5
1307.52,,,,,,,,,22.0779220779,,,,,,,
1308.4,,,,,,,,,,26.3157894737,,,,,,
1308.64,,28,,,,,74.358974359,,,,,,,,13.2530120482,
1308.948,,,,,,,,,,,,,29.4117647059,50,,
1309.74,,,,,,,,,,,65.7142857143,,,,,
1310.58,,,,,,47.619047619,,51.1111111111,,,,,,,,
1311.06,,,,,,,,,23.3766233766,,,,,,,55
1312.7,36,,,,,,,,,,,,,,,
1313.42,,,,,70.5882352941,,76.9230769231,,,,,,,,,
1313.76,,,,,,,,,,,,,31.3725490196,,14.4578313253,
1314.668,,,,,,,,53.3333333333,24.6753246753,,,,,,,
1315.38,,,,,,,,,,,68.5714285714,,,53.3333333333,,
1315.86,,,,,,,,,,,,,,,,57.5
1318.2,,,,,,,,,25.974025974,,,,,,,
1318.56,,,,,,,,,,,,,,,15.6626506024,
1318.84,,,,,,,79.4871794872,55.5555555556,,,,,33.3333333333,,,
1319.88,,,,,,,,,,,,5.8823529412,,,,
1320.388,,,,,,52.380952381,,,,,,,,,,
1320.78,,,,,,,,,,,,,,,,60
1321.38,,,,,,,,,27.2727272727,31.5789473684,71.4285714286,,,,,
1322.02,,,,,,,,,,,,,,56.6666666667,,
1323.06,,,,,,,,,,,,,,,16.8674698795,
1323.32,,,,,,,,57.7777777778,,,,,35.2941176471,,,
1324.56,,,,,,,,,28.5714285714,,,,,,,
1326.108,,,,,,,,,,,,,,,,62.5
1326.44,,,,,76.4705882353,,,,,,,,,,,
1327.12,,,,,,,,,,,,,,,18.0722891566,
1327.84,,,,,,,,,,,74.2857142857,,,,,
1327.9,,,,,,,82.0512820513,60,29.8701298701,,,,37.2549019608,,,
1328.34,,,,,,,,,,,,,,60,,
1328.968,40,32,,,,,,,,,,,,,,
1329.56,,,,,,57.1428571429,,,,,,,,,,
1331.3,,,,,,,,,31.1688311688,,,,,,,
1331.34,,,,,,,,,,,,7.3529411765,,,19.2771084337,65
1332.5,,,,,,,,62.2222222222,,,,,39.2156862745,,,
1334.3,,,,,,,,,32.4675324675,36.8421052632,77.1428571429,,,,,
1334.76,,,,,,,84.6153846154,,,,,,,63.3333333333,,
1335.54,,,,,,,,,,,,,,,20.4819277108,
1336,,,,,,,,,,,,,,,,67.5
1336.88,,,,,,,,64.4444444444,33.7662337662,,,,41.1764705882,,,
1339.86,,,,,82.3529411765,61.9047619048,,,35.0649350649,,,,,,21.686746988,
1340.7,,,,0,,,,,,,,8.8235294118,,,,
1341.44,,,,,,,,,,,,,43.137254902,,,
1341.74,,,,,,,,66.6666666667,,,80,,,66.6666666667,,70
1342.72,44,,,,,,,,36.3636363636,,,,,,,
1343.5,,,,,,,,,,,,,,,22.8915662651,
1345.64,,36,,,,,87.1794871795,,37.6623376623,,,,45.0980392157,,,
1346.54,,,,,,,,68.8888888889,,,,,,,,
1346.64,,,,,,,,,,42.1052631579,,,,,,72.5
1347.26,,,,,,,,,,,,,,,24.0963855422,
1348.54,,,,,,,,,38.961038961,,82.8571428571,10.2941176471,,70,,
1349.56,,,,,,66.6666666667,,,,,,,47.0588235294,,,
1351.26,,,,,,,,71.1111111111,40.2597402597,,,,,,25.3012048193,
1352.42,,,,,,,,,,,,,,,,75
1354.04,,,,,,,,,41.5584415584,,,,49.0196078431,,,
1354.72,,,,,,,,,,,,,,,26.5060240964,
1355.98,,,,,,,,,,,,,,73.3333333333,,
1356.02,,,,,88.2352941176,,89.7435897436,73.3333333333,,,85.7142857143,11.7647058824,,,,
1356.72,48,,,,,,,,42.8571428571,,,,,,,
1358.26,,,,,,,,,,47.3684210526,,,50.9803921569,,27.7108433735,77.5
1358.76,,,,,,71.4285714286,,,,,,,,,,
1359.46,,,,,,,,,44.1558441558,,,,,,,
1361.2,,,,,,,,75.5555555556,,,,,,,,
1362.1,,,,,,,,,,,,,,,28.9156626506,
1362.36,,40,,,,,,,45.4545454545,,,13.2352941176,52.9411764706,,,
1363.288,,,,,,,,,,,,,,76.6666666667,,
1364,,,,,,,,,,,,,,,,80
1364.8,,,,,,,,,46.7532467532,,,,,,,
1365.3,,,,,,,,,,,,,,,30.1204819277,
1366.148,,,,,,,,,,,88.5714285714,,,,,
1366.5,,,,,,,,77.7777777778,,,,,54.9019607843,,,
1367.42,,,,,,,,,48.0519480519,,,,,,,
1369.008,,,,,,,,,,,,14.7058823529,,,31.3253012048,
1369.4,,,,,,76.1904761905,,,,52.6315789474,,,,,,
1370.08,52,,,,,,,,49.3506493506,,,,,,,
1370.92,,,,,,,,,,,,,56.862745098,,,
1371.16,,,,,,,,,,,,,,80,,82.5
1372.52,,,,,,,,,,,,,,,32.5301204819,
1372.808,,,,,,,,80,50.6493506494,,,,,,,
1374.76,,,,,,,,,,,,16.1764705882,58.8235294118,,,
1375.6,,,,,,,,,51.9480519481,,,,,,,
1375.72,,,,,,,87.1794871795,,,,,,,,33.734939759,
1378.26,,44,,,,,,,53.2467532468,,,,,,,
1379.32,,,,,,,,,,,,,60.7843137255,,34.9397590361,85
1379.668,,,,,,,,82.2222222222,,,,,,,,
1380.26,,,,,,,,,,,,17.6470588235,,,,
1380.54,,,,,,,,,54.5454545455,,,,,83.3333333333,,
1381.24,,,,,,80.9523809524,,,,57.8947368421,,,,,,
1382.4,56,,,,,,,,,,,,,,36.1445783133,
1383.308,,,,,,,,,55.8441558442,,,,62.7450980392,,,
1384.9,,,,,,,,,,,,19.1176470588,,,,
1385.86,,,,,,,,,,,,,,,37.3493975904,
1386.168,,,,,,,,,57.1428571429,,,,,,,
1387.66,,,,,,,,84.4444444444,,,,,64.7058823529,,,
1388.8,,,,,,,,,58.4415584416,,,,,,,
1389.04,,,,,,,,,,,,,,,38.5542168675,87.5
1389.82,,,,,,,84.6153846154,,,,,20.5882352941,,,,
1391.148,,,,,,,,,59.7402597403,,,,,,,
1391.888,,,,,,,,,,,,,66.6666666667,86.6666666667,,
1392.34,,,,,,,,,,,,,,,39.7590361446,
1393.12,,,,,,,,,,63.1578947368,,,,,,
1394.14,,,,,,,,,61.038961039,,,,,,,
1394.36,60,48,,,,,,,,,,22.0588235294,,,,
1395.68,,,,,,85.7142857143,,,,,,,,,40.9638554217,
1396.26,,,1,,,,,,,,,,,,,
1396.56,,,,,,,,,62.3376623377,,,,68.6274509804,,,
1398.82,,,,,,,,,,,,23.5294117647,,,,
1399.06,,,,,,,,86.6666666667,,,,,,,,
1399.22,,,,,,,,,63.6363636364,,,,,,42.1686746988,
1401,,,2,,,,,,,,,,70.5882352941,,,
1401.94,,,,,,,,,64.9350649351,,,,,,,
1402.48,,,,,,,,,,,,,,,43.3734939759,
1403.02,,,,,82.3529411765,,82.0512820513,,,,85.7142857143,25,,,,
1404.928,,,,,,,,,66.2337662338,,,,,,,
1405.168,,,3,,,,,,,,,,,,,
1406.12,64,,,,,,,,,,,,,,,
1406.16,,,,,,,,,,,,,72.5490196078,,44.578313253,
1406.5,,52,,,,,,,,68.4210526316,,,,,,
1406.96,,,,,,,,,,,,26.4705882353,,,,
1407.7,,,,,,,,,67.5324675325,,,,,90,,90
1408.108,,,4,,,,,,,,,,,,,
1409.28,,,,,,,,,,,,,,,45.7831325301,
1410.4,,,,,,,,,68.8311688312,,,,,,,
1410.968,,,5,,,,,,,,,27.9411764706,74.5098039216,,,
1412.66,,,,,,,,,,,,,,,46.9879518072,
1413.58,,,6,,,,,88.8888888889,70.1298701299,,,,,,,
1415.02,,,,,,,,,,,,29.4117647059,,,,
1416.18,,,7,,,,,,71.4285714286,,,,76.4705882353,,48.1927710843,
1418.148,68,,8,,,,,,,,,,,,,
1418.848,,56,,,,,,,,,,,,,,
1419.14,,,,,,,,,72.7272727273,,,30.8823529412,,,,
1419.66,,,,,,,,,,73.6842105263,,,,,49.3975903614,
1420.188,,,9,,,,,,,,,,,,,
1421.64,,,,,,90.4761904762,,,,,82.8571428571,,,,,
1422,,,,,,,,,,,,,78.431372549,,,
1422.1,,,10,,,,,,74.025974026,,,,,,,
1423.04,,,,,,,79.4871794872,,,,,32.3529411765,,,50.6024096386,
1423.892,,,11,,,,,,,,,,,,,
1425.02,,,,,,,,,75.3246753247,,,,,,,
1425.688,,,12,3.7037037037,,,,,,,,,,,,
1426.64,,,,,,,,,,,,33.8235294118,,,51.8072289157,
1427.372,,,13,,,,,,,,,,,,,
1428.1,,,,,,,,,76.6233766234,,,,80.3921568627,,,
1428.966,,,14,,,,,,,,,,,,,
1429.38,72,,,,,,,,,,,,,,,
1430.476,,,,,,,,,,,,,,,53.0120481928,
1430.7,,60,15,,76.4705882353,,76.9230769231,,,,,35.2941176471,,,,
1431.24,,,,,,,,,77.9220779221,,,,,,,
1431.986,,,16,,,,,,,,80,,,,,
1433.78,,,17,,,,,,,,,,,,54.2168674699,
1434.74,,,,,,,,,,,,36.7647058824,,,,
1434.808,,,18,,,,,,79.2207792208,,,,82.3529411765,,,
1435.32,,,,,,,,,,78.9473684211,,,,,,
1436.174,,,19,,,,,,,,,,,,,
1437.76,,,20,,,,,,,,,,,,55.421686747,
1437.94,,,,,,,,,80.5194805195,,,38.2352941176,,,,
1438.782,,,21,,,,,,,,,,,,,
1440,72,60,21,3.7037037037,76.4705882353,90.4761904762,76.9230769231,88.8888888889,80.5194805195,78.9473684211,80,38.2352941176,82.3529411765,90,55.421686747,90
