Time (min),clk,CLK,cry,CRY,cwo,CWO,CYC/CLK,PDP1,pdp1,PER,per,PER/TIM-p,TIM,tim,VRI,vri
0,100,100,100,100,68.75,38.4615384615,89.7435897436,23.7288135593,51.9230769231,23.0769230769,62.5,4.347826087,0,53.5714285714,17.5,57.1428571429
1.392,,,,98.9795918367,,,,,,,,,,,,
2.32,,,,100,,,,,,,,,,,,
3.208,,,,98.9795918367,,,,,,,,,,,,
4.048,,,,,,,,,53.8461538462,,,,,,,
4.176,,,,100,,,,,,,,,,,,
4.48,,,,,,,,25.4237288136,,,,,,,,
4.64,,,,,,,,,,,65,,,,,
5.568,,,,98.9795918367,,,,,,,,,,,,60
6.072,,,,100,,,,,,,,,,,,
7.32,,,,98.9795918367,,,92.3076923077,,55.7692307692,,,,,57.1428571429,,
8.352,,,,100,,,,27.1186440678,,,,,,,,
8.568,,,,,,,,,,,,,,,20,
9.28,,,,98.9795918367,,,,,,,67.5,,,,,
10.12,,,,100,,,,,,,,,,,,
10.92,,,,,75,,,,,,,,,,,62.8571428571
11.136,,,,,,,,,57.6923076923,,,,,,,
11.304,,,,98.9795918367,,,,,,,,,,,,
12.374,,,,100,,,,28.813559322,,,,,,,,
13.328,,,,98.9795918367,,,,,,,,,,,,
13.92,,,,,,,,,,,70,,,,,
14.168,,,,100,,,,,,,,,,60.7142857143,,
14.54,,,,,,,94.8717948718,,59.6153846154,,,,,,,
15.352,,,,98.9795918367,,46.1538461538,,,,,,,,,,
15.92,,,,,,,,30.5084745763,,,,,,,,
16.192,,,,100,,,,,,,,,,,22.5,65.7142857143
17.582,,,,98.9795918367,,,,,,,,,,,,
18.46,,,,100,,,,,61.5384615385,,72.5,,,,,
19.76,,,,98.9795918367,,,,32.2033898305,,30.7692307692,,,,,,
20.24,,,,100,,,,,,,,,,,,
20.88,,,,,,,,,,,,,,64.2857142857,,
21.424,,,,98.9795918367,,,,,,,,,,,,68.5714285714
21.86,,,,,81.25,,97.4358974359,,63.4615384615,,,,,,,
22.386,,,,100,,,,,,,,,,,,
23.12,,,,,,,,33.8983050847,,,75,,,,,
23.448,,,,,,,,,,,,,,,25,
23.664,,,,98.9795918367,,,,,,,,,,,,
24.288,,,,100,,,,,,,,,,,,
25.472,,,,98.9795918367,,,,,65.3846153846,,,,,,,
26.58,,,,100,,,,35.593220339,,,,,,,,
26.81,,,,,,,,,,,,,,,,71.4285714286
27.84,,,,98.9795918367,,,,,,,77.5,,,67.8571428571,,
28.336,,,,100,,,,,,,,,,,,
29.232,,,,,,,,,67.3076923077,,,8.6956521739,,,,
29.72,,,,98.9795918367,,,,,,,,,,,,
30.04,,,,,,,,37.2881355932,,,,,,,,
30.36,,,,,,,,,,,,,,,27.5,
30.624,,,,100,,53.8461538462,,,,,,,,,,
31.544,,,,98.9795918367,,,,,,,,,,,,
32.384,,,,,,,,,,,,,,,,74.2857142857
32.66,,,,100,,,,,,,,,,,,
32.96,,,,,,,,38.9830508475,69.2307692308,,80,,,,,
33.598,,,,98.9795918367,,,,,,,,,,,,
34.64,,,,100,,,,,,,,,,,,
34.8,,,,,87.5,,,,,,,,,,,
34.88,,,,,,,,,,,,,,71.4285714286,,
35.592,,,,98.9795918367,,,,,,,,,,,,
36.432,,,,,,,,40.6779661017,,,,,,,,
36.72,,,,100,,,,,71.1538461538,,,,,,30,
37.82,,,,98.9795918367,,,,,,,,,,,,
38.04,,,,,,,,,,38.4615384615,82.5,,,,,77.1428571429
38.654,,,,100,,,,,,,,,,,,
39.64,,,,,,,,42.3728813559,,,,,,,,
39.866,,,,98.9795918367,,,,,,,,,,,,
40.48,,,,100,,,,,73.0769230769,,,,,,,
41.78,,,,98.9795918367,,,,,,,,,,75,,
42.504,,,,100,,,,44.0677966102,,,,,,,,
43.382,,,,,,,100,,,,85,,,,32.5,
43.688,,,,,,,,,,,,,,,,80
43.78,,,,98.9795918367,,,,,75,,,,,,,
44.544,,,,100,,,,,,,,,,,,
45.04,,,,,,61.5384615385,,,,,,,,,,
45.712,,,,,,,,45.7627118644,,,,,,,,
45.936,,,,98.9795918367,,,,,,,,,,,,
46.78,,,,100,,,,,,,,,,,,
47.876,,,,98.9795918367,,,,,76.9230769231,,,,,,,
48.62,,,,,93.75,,,,,,,,,,,
48.72,,,,100,,,,47.4576271186,,,,,,,,
48.98,,,,,,,,,,,87.5,,,,,
49.2,,,,,,,,,,,,,,78.5714285714,35,82.8571428571
50.112,,,,98.9795918367,,,,,,,,,,,,
50.6,,,,100,,,,,,,,,,,,
51.504,,,,,,,,49.1525423729,78.8461538462,,,,,,,
52.14,,,,98.9795918367,,,,,,,,13.0434782609,,,,
52.896,,,,100,,,,,,,,,,,,
53.808,,,,98.9795918367,,,,,,,,,,,,
54.288,,,,,,,,50.8474576271,,46.1538461538,90,,,,,
54.648,,,,100,,,,,,,,,,,,
55.22,,,,,,,,,80.7692307692,,,,,,37.5,85.7142857143
55.832,,,,98.9795918367,,,,,,,,,,,,
56.26,,,,,,,,,,,,,,82.1428571429,,
56.672,,,,100,,,,,,,,,,,,
57.202,,,,,,,,52.5423728814,,,,,,,,
58.188,,,,98.9795918367,,,,,,,,,,,,
58.696,,,,100,,,,,,,,,,,,
59.16,,,,,,,,,82.6923076923,,,,,,,
59.78,,,,,,69.2307692308,,,,,,,,,,
60.118,,,,98.9795918367,,,,54.2372881356,,,,,,,,
60.72,,,,,,,,,,,92.5,,,,,
61.076,,,,100,,,,,,,,,,,,
61.248,,,,,,,,,,,,,,,40,
61.904,,,,,,,,,,,,,,,,88.5714285714
62.022,,,,98.9795918367,,,,,,,,,,,,
62.744,,,,,,,,55.9322033898,,,,,,,,
63.1,,,,100,,,,,84.6153846154,,,,,,,
64.032,,,,98.9795918367,,,,,,,,,,85.7142857143,,
65.062,,,,100,,,,,,,,,,,,
65.424,,,,,100,,,57.6271186441,,,,,,,,
65.952,,,,98.9795918367,,,,,,,,,,,,
66.792,,,,100,,,97.4358974359,,,,,,,,42.5,
67.58,,,,,,,,,86.5384615385,,,,,,,
67.88,,,,,,,,,,,95,,,,,
67.976,,,,98.9795918367,,,,59.3220338983,,,,,,,,
68.816,,,,100,,,,,,,,,,,,91.4285714286
69.62,,,,,,,,,,53.8461538462,,17.3913043478,,,,
70.254,,,,98.9795918367,,,,,,,,,,,,
70.84,,,,,,,,61.0169491525,,,,,,,,
71.162,,,,100,,,,,,,,,,,,
71.6,,,,,,,,,88.4615384615,,,,,,,
72.16,,,,98.9795918367,,,,,,,,,,89.2857142857,45,
73.14,,,,100,,,,62.7118644068,,,,,,,,
73.886,,,,,,76.9230769231,,,,,,,,,,
74.32,,,,98.9795918367,,,94.8717948718,,,,,,,,,
74.888,,,,100,,,,,,,,,,,,
76.072,,,,,,,,64.406779661,,,,,,,,
76.38,,,,98.9795918367,,,,,,,,,,,,
76.61,,,,,,,,,90.3846153846,,97.5,,,,,94.2857142857
77.026,,,,100,,,,,,,,,,,,
77.518,,,,,,,,,,,,,,,47.5,
78.426,,,,98.9795918367,,,,66.1016949153,,,,,,,,
78.936,,,,100,,,,,,,,,,,,
80.242,,,,98.9795918367,,,,,,,,,,,,
81.15,,,,100,,,,67.7966101695,92.3076923077,,,,,92.8571428571,,
82.246,,,,98.9795918367,,,92.3076923077,,,,,,,,,
82.984,,,,100,,,,,,,,,,,50,
83.44,,,,,,,,69.4915254237,,,,,,,,
84.168,,,,98.9795918367,,,,,,,,,,,,
85.14,,,,100,,,,,,61.5384615385,,21.7391304348,,,,97.1428571429
86.192,,,,,,,,71.186440678,94.2307692308,,,,,,,
86.5,,,,98.9795918367,,,,,,,,,,,,
86.626,,,,,,,89.7435897436,,,,100,,,,,
87.032,,,,100,,,,,,,,,,,,
88.414,,,,,,,,,,,,,,,52.5,
88.5,,,,98.9795918367,,,,,,,,,,,,
88.602,,,,,,,,72.8813559322,,,,,,,,
89.322,,,,100,,84.6153846154,,,,,,,,,,
90.47,,,,98.9795918367,,,,,,,,,,,,
91.16,,,,100,,,87.1794871795,74.5762711864,,,,,,,,
92.264,,,,,,,,,96.1538461538,,,,,,,
92.46,,,,98.9795918367,,,,,,,,,,96.4285714286,,
93.36,,,,100,,,,,,,,,,,,
93.48,,,,,,,,76.2711864407,,,,,,,55,
94.288,,,,98.9795918367,,,,,,,,,,,,
95.128,,,,100,,,,,,,,,,,,
95.96,,,,,,,84.6153846154,,,,,,,,,
96.312,,,,,,,,77.9661016949,,,,,,,,
96.586,,,,98.9795918367,,,,,,,,,,,,
97.494,,,,100,,,,,,,,,,,,
97.82,,,,,,,,,,,,,,,,100
98.636,,,,98.9795918367,,,,79.6610169492,98.0769230769,,,,,,57.5,
99.176,,,,,,,,,,,,26.0869565217,,,,
99.31,,,,100,,,82.0512820513,,,,,,,,,
100.104,,,,,,,,,,69.2307692308,,,,,,
100.36,,,,98.9795918367,,,,,,,,,,,,
101.2,,,,,,,,81.3559322034,,,,,,,,
101.512,,,,100,,,,,,,,,,,,
102.384,,,,98.9795918367,,,79.4871794872,,,,,,,,,
103.36,,,,100,,,,,,,,,,,,
103.66,,,,,,,,83.0508474576,,,,,,,60,
104.408,,,,98.9795918367,,,,,,,,,,,,
105.596,,,,100,,,,,,,,,,,,
105.84,,,,,,,76.9230769231,84.7457627119,,,,,,,,
106.64,,,,98.9795918367,,,,,,,,,,,,
106.948,,,,,,92.3076923077,,,100,,,,,,,
107.272,,,,100,,,,,,,,,,,,
108.456,,,,98.9795918367,,,,86.4406779661,,,,,,,,
108.88,,,,,,,74.358974359,,,,,,,,62.5,
109.652,,,,100,,,,,,,,,,,,
110.74,,,,98.9795918367,,,,,,,,,,,,
111.004,,,,,,,,88.1355932203,,,,,,,,
111.4,,,,100,93.75,,71.7948717949,,,,,30.4347826087,,,,
112.504,,,,98.9795918367,,,,,,,,,,,,
113.344,,,,,,,,89.8305084746,,,,,,,,
113.66,,,,100,,,,,,,,,,,,
113.94,,,,,,,,,,,,,,100,,
114.16,,,,,,,69.2307692308,,,,,,,,65,
114.528,,,,98.9795918367,,,,,,,,,,,,
115.368,,,,,,,,,,76.9230769231,,,,,,
115.68,,,,100,,,,91.5254237288,,,,,,,,
116.552,,,,98.9795918367,,,66.6666666667,,,,,,,,,
117.392,,,,100,,,,,,,,,,,,
118.18,,,,,,,,93.2203389831,,,,,,,,
118.576,,,,98.9795918367,,,,,,,,,,,,
119.116,,,,,,,64.1025641026,,,,,,,,,
119.48,,,,100,,,,,,,,,,,67.5,
120.7,,,,98.9795918367,,,,94.9152542373,,,,,,,,
121.6,,,,100,,,,,,,,,,,,
121.82,,,,,,,61.5384615385,,,,,,,,,
122.624,,,,98.9795918367,,,,,,,,34.7826086957,,,,
123.464,,,,,,,,96.6101694915,,,,,,,,
123.68,,,,100,,,58.9743589744,,,,97.5,,,,,
124.86,,,,98.9795918367,,,,,,,,,,,70,
125.8,,,,100,,,,,,,,,,,,
125.876,,,,,,,56.4102564103,98.3050847458,,,,,,,,
126.672,,,,98.9795918367,,,,,,,,,,,,
127.84,,,,100,,,53.8461538462,,,,,,,,,
128.696,,,,98.9795918367,87.5,,,100,,,,,,,,
129.62,,,,100,,,,,,,,,,,,
129.932,,,,,,,51.2820512821,,,,,,,,,97.1428571429
130.72,,,,98.9795918367,,,,,,,,,,,72.5,
131.56,,,,100,,,,,,84.6153846154,,,,,,
132.16,,,,,,,48.7179487179,,,,95,,,,,
132.744,,,,98.9795918367,,,,,,,,39.1304347826,,,,
133.792,,,,100,,,,,,,,,,,,
133.988,,,,,,,46.1538461538,,,,,,,,,
134.768,,,,98.9795918367,,,,,,,,,,,,
135.608,,,,100,,,43.5897435897,,,,,,,,,
136.24,,,,,,,,,,,,,,,75,
136.86,,,,98.9795918367,,100,,,98.0769230769,,,,,,,
137.632,,,,100,,,41.0256410256,,,,,,,,,
138.36,,,,,,,,,,,92.5,,,,,
139.122,,,,98.9795918367,,,,,,,,,,,,
139.396,,,,,,,38.4615384615,,,,,,,,,
139.656,,,,100,81.25,,,,,,,,,,,
140.902,,,,98.9795918367,,,35.8974358974,,,,,,,96.4285714286,,94.2857142857
141.68,,,,100,,,,,,,,,,,,
142.26,,,,,,,,,,,,,,,77.5,
142.864,,,,98.9795918367,,,33.3333333333,,,,,,,,,
143.704,,,,100,,,,,,,90,43.4782608696,,,,
144.222,,,,,,,30.7692307692,,,,,,,,,
144.888,,,,98.9795918367,,,,,,,,,,,,
145.762,,,,100,,,28.2051282051,,,,,,,,,
147.22,,,,98.9795918367,,,,,,,,,,,,
147.508,,,,,,,25.641025641,,96.1538461538,,,,,,,
147.752,,,,100,,,,,,,,,,,,
148.34,,,,,,,,,,,87.5,,,,,
148.62,,,,,,,,,,,,,,,80,
148.936,,,,98.9795918367,75,,23.0769230769,,,,,,,,,91.4285714286
149.776,,,,100,,,,,,,,,,,,
150.54,,,,,,,20.5128205128,,,92.3076923077,,,,,,
150.96,,,,98.9795918367,,,,,,,,,,,,
151.934,,,,100,,,,,,,,,,,,
152.2,,,,,,,17.9487179487,,,,85,,,,,
153.322,,,,98.9795918367,,,15.3846153846,,,,,47.8260869565,,92.8571428571,,
154,,,,100,,,,,,,,,,,,
154.268,,,,,,,,,94.2307692308,,,,,,,
155.008,,,,,,,12.8205128205,,,,,,,,,
155.086,,,,98.9795918367,,,,,,,,,,,82.5,88.5714285714
156.016,,,,100,68.75,,10.2564102564,,,,82.5,,,,,
157.378,,,,98.9795918367,,,7.6923076923,,,,,,,,,
157.872,,,,100,,,,,,,,,,,,
159.056,,,,,,,5.1282051282,,,,,,,,,
159.32,,,,98.9795918367,,,,,,,,,,,,
159.676,,,,,,,,,92.3076923077,,80,,,,,
160.106,,,,100,,,,,,,,,,,,
160.346,,,,,,,2.5641025641,,,,,,,,,85.7142857143
161.08,,,,98.9795918367,,,,,,,,,,,,
161.472,,,,,,,0,,,,,,,,,
162.222,,,,100,,,,,,,,,,,85,
162.556,,,,,62.5,,,,,,77.5,,,89.2857142857,,
163.104,,,,98.9795918367,,,,,,,,,,,,
163.732,,,,,,,,,,,,52.1739130435,,,,
164.14,,,,100,,,,,90.3846153846,,,,,,,
165.466,,,,98.9795918367,,,,,,,,,,,,
165.72,,,,,,,,,,,,,,,,82.8571428571
165.968,,,,100,,,,,,,75,,,,,
167.152,,,,98.9795918367,,,,,,,,,,,,
167.992,,,,100,,,,,,,,,,,,
169.176,,,,,,,,,88.4615384615,,72.5,,,,,
169.396,,,,98.9795918367,,,,,,,,,,,,
169.68,,,,,56.25,,,,,,,,,,,
170.016,,,,100,,,,,,,,,,,87.5,
170.686,,,,,,,,,,,,,,,,80
171.222,,,,98.9795918367,,,,,,,,,,85.7142857143,,
172.3,,,,100,,,,,,,70,,,,,
173.224,,,,98.9795918367,,,,,,,,,,,,
174.064,,,,100,,,,,86.5384615385,,,,,,,
174.548,,,,,,,,,,,,56.5217391304,,,,
175.248,,,,98.9795918367,,,,,,,,,,,,
176.006,,,,,,,,,,,67.5,,,,,
176.088,,,,100,,,,,,,,,,,,77.1428571429
176.596,,,,,50,,,,,,,,,,,
177.272,,,,98.9795918367,,,,,,,,,,,,
178.112,,,,100,,,,,,,,,,,,
178.76,,,,,,,,,,,,,,,90,
179.06,,,,,,,,,84.6153846154,,,,,,,
179.296,,,,98.9795918367,,92.3076923077,,,,,65,,,,,
180.136,,,,100,,,,,,,,,,,,
180.842,,,,,,,,,,,,,,82.1428571429,,
181.646,,,,98.9795918367,,,,,,,,,,,,
181.74,,,,,,,,,,100,,,,,,74.2857142857
182.16,,,,100,,,,,,,,,,,,
182.7,,,,,,,,,,,62.5,,,,,
183.344,,,,98.9795918367,,,,,,,,,,,,
184.184,,,,,,,,,82.6923076923,,,,,,,
184.516,,,,100,43.75,,,,,,,60.8695652174,,,,
185.368,,,,98.9795918367,,,,,,,,,,,,
186.38,,,,100,,,,,,,,,,,,
186.716,,,,,,,,,,,60,,,,,
187.406,,,,98.9795918367,,,,,,,,,,,,71.4285714286
188.232,,,,100,,,,,,,,,,,,
188.76,,,,,,,,,,,,,,,92.5,
189.42,,,,98.9795918367,,,,,80.7692307692,,,,,,,
190.256,,,,,,,,,,,57.5,,,,,
190.582,,,,100,,,,,,,,,,,,
190.772,,,99,,,,,,,,,,,78.5714285714,,
191.44,,,,98.9795918367,,,,,,,,,,,,
192.294,,,,100,,,,,,,,,,,,
192.896,,,,,37.5,,,,,,,,,,,
193.478,,,,98.9795918367,,,,,,,,,,,,68.5714285714
193.92,,,,,,,,,,,55,,,,,
194.5,,,,100,,,,,,,,,,,,
194.828,,,,,,,,,78.8461538462,,,,,,,
195.02,,,,,,,,,,,,65.2173913043,,,,
195.516,,,,98.9795918367,,,,,,,,,,,,
196.37,,,,100,,,,,,,,,,,,
196.752,,,98,,,,,,,,,,,,,
197.78,,,,98.9795918367,,,,,,,52.5,,,,,
198.422,,,,100,,,,,,,,,,,,
199.606,,,,,,,,,,,,,,,,65.7142857143
199.82,,,,98.9795918367,,,,,76.9230769231,,,,,,,
200.474,,,,100,,,,,,,,,,75,,
201.08,,,,,,,,,,,,,,,95,
201.796,,,97,98.9795918367,31.25,,,,,,50,,,,,
202.542,,,,100,,,,,,,,,,,,
203.06,,,,,,84.6153846154,,,,,,,,,,
203.726,,,,98.9795918367,,,,,,,,,,,,
204.61,,,,100,,,,,,,,,,,,
205.686,,,96,,,,,,,,,,,,,
205.794,,,,,,,,,75,,,,,,,
205.96,,,,98.9795918367,,,,,,,,,,,,62.8571428571
206.24,,,,,,,,,,,47.5,69.5652173913,,,,
206.996,,,,100,,,,,,,,,,,,
207.878,,,,98.9795918367,,,,,,,,,,,,
208.796,,,95,100,,,,,,,,,,,,
210.26,,,,98.9795918367,,,,,,,45,,,,,
211.22,,,,100,,,,,73.0769230769,,,,,71.4285714286,,
212.082,,,94,,25,,,,,,,,,,,
212.404,,,,98.9795918367,,,,,,,,,,,,60
213.016,,,,100,,,,,,,,,,,,
214.2,,,,98.9795918367,,,,,,,,,,,,
214.64,,,93,,,,,,,,42.5,,,,,
215.154,,,,100,,,,,,,,,,,,
216.5,,,,98.9795918367,,,,,,,,,,,97.5,
217.292,,,,,,,,,71.1538461538,,,,,,,
217.392,,,92,100,,,,,,,,,,,,
218.476,,,,98.9795918367,,,,,,,,73.9130434783,,,,
219.12,,,,,,,,,,,,,,,,57.1428571429
219.448,,,,100,,,,,,,40,,,,,
220.192,,,91,,,,,,,,,,,,,
220.632,,,,98.9795918367,,,,,,,,,,,,
221.822,,,,100,,,,,,,,,,67.8571428571,,
222.992,,,,,18.75,76.9230769231,,,,,,,,,,
223.16,,,90,98.9795918367,,,,,69.2307692308,,,,,,,
223.98,,,,100,,,,,,,37.5,,,,,
225.004,,,,98.9795918367,,,,,,,,,,,,
226.126,,,89,100,,,,,,,,,,,,54.2857142857
227.222,,,,98.9795918367,,,,,,,,,,,,
228.592,,,,100,,,,,,,,,,,,
228.94,,,88,,,,,,,,35,,,,,
229.44,,,,98.9795918367,,,,,67.3076923077,,,,,,,
230.494,,,,100,,,,,,,,,,,,
231,,,,,,,,,,,,78.2608695652,,,,
231.678,,,87,98.9795918367,,,,,,,,,,,,
232.756,,,,100,,,,,,,,,,,,
233.526,,,,,,,,,,,,,,64.2857142857,,51.4285714286
234.192,,,86,98.9795918367,,,,,,,32.5,,,,,
235.236,,,,100,12.5,,,,,,,,,,,
235.68,,,,,,,,,65.3846153846,,,,,,,
236.226,,,,98.9795918367,,,,,,,,,,,,
236.992,,,85,,,,,,,,,,,,,
237.354,,,,100,,,,,,,,,,,,
238.538,,,,98.9795918367,,,,,,,,,,,,
239.2,,,,,,,,,,,30,,,,,
239.792,,,84,100,,,,,,,,,,,,
240.85,,,,,,,,,,,,,,,100,
241.126,,,,98.9795918367,,,,,,,,,,,,48.5714285714
241.616,,,,,,69.2307692308,,,,,,,,,,
242.004,,,,100,,,,,,,,,,,,
242.592,,,83,,,,,,63.4615384615,,,,,,,
243.188,,,,98.9795918367,,,,,,,,,,,,
244.37,,,,100,,,,,,,,,,,,
244.92,,,,,,,,,,,27.5,82.6086956522,,,,
245.554,,,82,98.9795918367,,,,,,,,,,,,
246.082,,,,,,,,,,,,,,60.7142857143,,
246.764,,,,100,,,,,,,,,,,,
248.192,,,81,98.9795918367,,,,,,,,,,,,
249.366,,,,100,,,,,61.5384615385,,,,,,,45.7142857143
250.216,,0,,,,,,,,,,,,,,
250.374,,,,98.9795918367,6.25,,,,,,,,,,,
250.992,,,80,,,,,,,,25,,,,,
251.646,,,,100,,,,,,,,,,,,
252.83,,,,98.9795918367,,,,,,,,,,,,
254.138,,,79,100,,,,,,,,,,,,
255.322,,,,98.9795918367,,,,,,,,,,,,
256.592,,,,,,,,,59.6153846154,,,,,,,
256.78,,,78,100,,,,,,,22.5,,,,,
257.866,,,,98.9795918367,,,,,,,,,,,,42.8571428571
259.19,,,,,,,,,,,,,,57.1428571429,,
259.392,,,,100,,,,,,,,,,,,
259.7,,,77,,,,,,,,,86.9565217391,,,,
260.374,,,,98.9795918367,,61.5384615385,,,,,,,,,,
261.754,,,,100,,,,,,,,,,,,
262.192,,,76,,,,,,,,,,,,,
262.938,,,,98.9795918367,,,,,,,,,,,,
263.8,,,,,,,,,57.6923076923,,20,,,,,
264.358,,,,100,,,,,,,,,,,,
264.992,,,75,,,,,,,,,,,,,
265.542,,,,98.9795918367,,,,,,,,,,,,
267.186,,,,100,,,,,,,,,,,,40
267.792,,,74,,,,,,,,,,,,,
268.188,,,,98.9795918367,,,,,,,,,,,,
268.736,,,,,0,,,,,,,,,,,
269.694,,,,100,,,,,,,,,,,,
270.592,,,,,,,,,,,17.5,,,,,
270.878,,,73,98.9795918367,,,,,,,,,,,,
271.4,,,,,,,,,55.7692307692,,,,,,,
272.432,,,,100,,,,,,,,,,,,
273.392,,,,,,,,,,,,,,53.5714285714,,
273.616,,,72,98.9795918367,,,,,,,,,,,,
275.22,,,,100,,,,,,,,,,,,
276.192,,,,,,,,,,,,91.3043478261,,,,
276.404,,,71,98.9795918367,,,,,,,,,,,,
276.826,,,,,,,,,,,,,,,,37.1428571429
277.58,,,,,,,,,,92.3076923077,15,,,,,
278.116,,,,100,,53.8461538462,,,,,,,,,,
279.246,,,70,98.9795918367,,,,,,,,,,,,
279.76,,,,,,,,,53.8461538462,,,,,,,
280.962,,,,100,,,,,,,,,,,,
282.146,,,69,98.9795918367,,,,,,,,,,,,
283.924,,,,100,,,,,,,,,,,,
284.592,,,68,,,,,,,,,,,,,
285.108,,,,98.9795918367,,,,,,,,,,,,
285.76,,,,,,,,,,,12.5,,,,,
286.952,,,,100,,,,,,,,,,,,
287.526,,,67,,,,,,,,,,,,,34.2857142857
288.22,,,,98.9795918367,,,,,51.9230769231,,,,,,,
288.782,,,,,,,,,,,,,,50,,
290.192,,,66,100,,,,,,,,,,,,
291.236,,,,98.9795918367,,,,,,,,,,,,
293.296,,,65,100,,,,,,,,,,,,
294.48,,,,98.9795918367,,,,,,,10,,,,,
295.792,,,64,,,,,,,,,,,,,
296.76,,,,100,,,,,50,,,,,,,
297.824,,,,98.9795918367,,,,,,,,,,,,
298.592,,,63,,,46.1538461538,,,,,,,,,,
299.546,,,,,,,,,,,,,,,,31.4285714286
300.18,,,,100,,,,,,,,95.652173913,,,,
301.392,,,62,98.9795918367,,,,,,,,,,,,
303.628,,,,100,,,,,,,,,,,,
304.26,,,61,,,,,,,,7.5,,,,,
304.812,,,,98.9795918367,,,,,,,,,,,,
306.382,,,,,,,,,48.0769230769,,,,,46.4285714286,,
306.992,,,60,,,,,,,,,,,,,
307.7,0,,,100,,,,,,,,,,,,
308.616,,,,98.9795918367,,,,,,,,,,,,
309.792,,,59,,,,,,,,,,,,,
311.396,,,,100,,,,,,,,,,,,
312.106,,,,,,,,,,,,,,,97.5,28.5714285714
312.592,,,58,98.9795918367,,,,,,,,,,,,
314.72,,,,,,,,,,,5,,,,,
315.7,,,57,,,,,,,,,,,,,
315.88,,,,100,,,,,46.1538461538,,,,,,,
316.884,,,,98.9795918367,,,,,,,,,,,,
318.192,,,56,,,,,,,,,,,,,
320.224,,,,100,,,,,,,,,,,,
320.992,,,55,,,,,,,,,,,,,
321.408,,,,98.9795918367,,,,,,,,,,,,
322.516,,,,,,38.4615384615,,,,,,,,,,
323.792,,,54,,,,,,,,,,,,,
325.268,,,,100,,,,,,,,,,,,
326.592,,,,,,,,,,,,,,42.8571428571,,
326.76,,,53,98.9795918367,,,,,44.2307692308,,,,,,,25.7142857143
327.6,,,,,,,,,,84.6153846154,2.5,,,,,
329.392,,,52,,,,,,,,,,,,,
331.032,,,,100,,,,,,,,,,,,
332.216,,,51,98.9795918367,,,,,,,,,,,,
334.992,,,50,,,,,,,,,,,,,
337.792,,,49,,,,,,42.3076923077,,,,,,,
338.576,,,,100,,,,,,,,,,,,
339.76,,,,98.9795918367,,,,,,,,,,,,
340.592,,,48,,,,,,,,,,,,,
341.2,,,,,,,,,,,0,,,,,
341.746,,,,,,,,,,,,,,,,22.8571428571
343.392,,,47,,,,,,,,,,,,,
344.506,,,,,,,,,,,,,,,95,
346.192,,,46,,,,,,,,,,,,,
346.982,,,,,,,,,,,,,,39.2857142857,,
347.98,,,,,,,,,,,,100,,,,
348.992,,,45,,,,,,40.3846153846,,,,,,,
351.316,,,,,,30.7692307692,,,,,,,,,,
351.792,,,44,,,,,,,,,,,,,
354.592,,,43,,,,,,,,,,,,,
357.392,,,42,,,,,,,,,,,,,
359.766,,,,,,,,,,,,,,,,20
360.192,,,41,,,,,,,,,,,,,
361.86,,,,,,,,,38.4615384615,,,,,,,
362.992,,,40,,,,,,,,,,,,,
365.792,,,39,97.9591836735,,,,,,,,,,,,
367.12,,,,98.9795918367,,,,,,,,,,,,
368.592,,,38,,,,,,,,,,,,,
370.982,,,,,,,,,,,,,,35.7142857143,,
371.392,,,37,,,,,,,,,,,,,
372.432,,,,,,,,,,,,,,,92.5,
374.192,,,36,,,,,,,,,,,,,
374.96,,,,,,,,,36.5384615385,,,,,,,
375.6,,,,,,,,,,76.9230769231,,,,,,
376.54,,,,97.9591836735,,,,,,,,,,,,
377.232,,,35,,,,,,,,,,,,,
378.232,,,,98.9795918367,,,,,,,,,,,,
379.046,,,,,,,,,,,,,,,,17.1428571429
379.792,,,34,,,,,,,,,,,,,
382.592,,,33,,,,,,,,,,,,,
384.212,,,,97.9591836735,,,,,,,,,,,,
385.672,,,32,,,,,,,,,,,,,
386.332,,,,98.9795918367,,,,,,,,,,,,
387.316,,,,,,23.0769230769,,,,,,,,,,
388.192,,,31,,,,,,,,,,,,,
390.48,,,,,,,,,34.6153846154,,,,,,,
390.992,,,30,97.9591836735,,,,,,,,,,,,
393.792,,,29,98.9795918367,,,,,,,,,,,,
396.332,,,,,,,,,,,,,,,90,
396.592,,,28,,,,,,,,,,,,,
397.272,,,,97.9591836735,,,,,,,,,,,,
399.412,,,27,,,,,,,,,,,,,
399.782,,,,,,,,,,,,,,32.1428571429,,
401.012,,,,98.9795918367,,,,,,,,,,,,
402.352,,,26,,,,,,,,,,,,,
403.046,,,,,,,,,,,,,,,,14.2857142857
404.252,,,,97.9591836735,,,,,,,,,,,,
405.172,,,25,,,,,,,,,,,,,
406.3,,,,,,,,,32.6923076923,,,,,,,
407.872,,,24,,,,,,,,,,,,,
410.592,,,23,,,,,,,,,,,,,
413.392,,,22,,,,,,,,,,,,,
414.16,,,,,,,,98.3050847458,,,,,,,,
416.192,,,21,,,,,,,,,,,,,
417.306,,,,,,,,,,,,,,,87.5,
418.992,,,20,,,,,,,,,,,,,
421.792,,,19,96.9387755102,,,,,,,,,,,,
422.692,,,,,,,,,30.7692307692,,,,,,,
424.872,,,18,,,,,,,,,,,,,
425.412,,,,97.9591836735,,,,,,,,,,,,
427.052,,,,,,,,,,69.2307692308,,95.652173913,,,,
427.392,,,17,,,,,,,,,,,,,
429.246,,,,,,,,,,,,,,,,11.4285714286
429.782,,,,,,,,,,,,,,28.5714285714,,
430.192,,,16,,,,,,,,,,,,,
431.232,,,,96.9387755102,,,,,,,,,,,,
433.232,,,15,,,,,,,,,,,,,
435.316,,,,,,15.3846153846,,,,,,,,,,
435.792,,,14,,,,,,,,,,,,,
436.386,100,100,,,,,,,,,,,,,85,
438.592,,,13,,,,,,,,,,,,,
441.392,,,12,,,,,,,,,,,,,
442.44,,,,95.9183673469,,,,,,,,,,,,
442.798,,,,,,,,96.6101694915,28.8461538462,,,,,,,
444.192,,,11,,,,,,,,,,,,,
446.992,,,10,,,,,,,,,,,,,
449.83,,,9,,,,,,,,,,,,,
452.592,,,8,94.8979591837,,,,,,,,,,,,
455.392,,,7,,,,,,,,,,,,,
456.478,,,,,,,,,,,,,,,82.5,
458.192,,,6,93.8775510204,,,,,,,,,,,,
461.232,,,5,,,,,,,,,,,,,
462.84,,,,,,,,94.9152542373,26.9230769231,,,,,,,
463.792,,,4,92.8571428571,,,,,,,,,,,,
465.246,,,,,,,,,,,,,,,,8.5714285714
466.592,,,3,91.8367346939,,,,,,,,,,,,
467.582,,,,,,,,,,,,,,25,,
469.392,,,2,90.8163265306,,,,,,,,,,,,
472.192,,,1,89.7959183673,,,,,,,,,,,,
473.986,,,,88.7755102041,,,,,,,,,,,80,
475,,,0,87.7551020408,,,,,,,,,,,,
476.432,,,,86.7346938776,,,,,,,,,,,,
477.708,,,,85.7142857143,,,,,,,,,,,,
479.086,,,,84.693877551,,,,,,,,,,,,
480.48,,,,83.6734693878,,,,,,,,,,,,
481.89,,,,82.6530612245,,,,,,,,,,,,
482.4,,,,,,,,93.2203389831,,61.5384615385,,91.3043478261,,,,
483.318,,,,81.6326530612,,,,,,,,,,,,
483.84,,,,,,,,,25,,,,,,,
484.764,,,,80.612244898,,,,,,,,,,,,
486.228,,,,79.5918367347,,,,,,,,,,,,
487.71,,,,78.5714285714,,,,,,,,,,,,
489.33,,,,77.5510204082,,,,,,,,,,,,
490.73,,,,76.5306122449,,,,,,,,,,,,
492.608,,,,75.5102040816,,,,,,,,,,,77.5,
494,,,,74.4897959184,,,,,,,,,,,,
495.408,,,,73.4693877551,,,,,,,,,,,,
497.01,,,,72.4489795918,,,,,,,,,,,,
498.634,,,,71.4285714286,,,,,,,,,,,,
499.08,,,,,,,,91.5254237288,,,,,,,,
500.28,,,,70.4081632653,,,,,,,,,,,,
501.95,,,,69.387755102,,,,,,,,,,,,
503.744,,,,68.3673469388,,,,,,,,,,,,
505.606,,,,67.3469387755,,,,,23.0769230769,,,,,,,
506.646,,,,,,,,,,,,,,,,5.7142857143
507.316,,,,66.3265306122,,7.6923076923,,,,,,,,,,
509.186,,,,65.306122449,,,,,,,,,,,,
509.312,,,,,,,,,,,,,,,75,
510.704,,,,64.2857142857,,,,,,,,,,,,
512.492,,,,63.2653061224,,,,,,,,,,,,
513.68,,,,,,,,89.8305084746,,,,,,,,
514.344,,,,62.2448979592,,,,,,,,,,,,
516.272,,,,61.2244897959,,,,,,,,,,,,
518.138,,,,60.2040816327,,,,,,,,,,,,
519.056,,,,,,,,,,,,,,21.4285714286,,
520.08,,,,59.1836734694,,,,,,,,,,,,
522.154,,,,58.1632653061,,,,,,,,,,,,
524.056,,,,57.1428571429,,,,,,,,,,,,
526.096,,,,56.1224489796,,,,,,,,,,,,
526.628,,,,,,,,,,,,,,,72.5,
528.156,,,,55.1020408163,,,,,,,,,,,,
528.98,,,,,,,,88.1355932203,,,,,,,,
530.256,,,,54.0816326531,,,,,,,,,,,,
532.396,,,,53.0612244898,,,,,,,,,,,,
534.576,,,,52.0408163265,,,,,21.1538461538,,,,,,,
537.152,,,,51.0204081633,,,,,,,,,,,,
539.056,,,,50,,,,,,,,86.9565217391,,,,
541.706,,,,48.9795918367,,,,,,,,,,,,
542.72,,,,,,,,,,53.8461538462,,,,,,
542.828,,,,,,,,86.4406779661,,,,,,,,
543.736,,,,47.9591836735,,,,,,,,,,,,
544.466,,,,,,,,,,,,,,,70,
546.282,,,,46.9387755102,,,,,,,,,,,,
548.596,,,,45.9183673469,,,,,,,,,,,,
551.116,,,,44.8979591837,,,,,,,,,,,,
553.676,,,,43.8775510204,,,,,,,,,,,,
556.6,,,,42.8571428571,,,,84.7457627119,,,,,,,,
558.994,,,,41.8367346939,,,,,,,,,,,,
561.718,,,,40.8163265306,,,,,,,,,,,,
562.806,,,,,,,,,,,,,,,67.5,
564.536,,,,39.7959183673,,,,,19.2307692308,,,,,,,
567.416,,,,38.7755102041,,,,,,,,,,,,
569.16,,,,,,,,83.0508474576,,,,,,,,
570.376,,,,37.7551020408,,,,,,,,,,,,
573.522,,,,36.7346938776,,,,,,,,,,,,
574.43,,,,,,,,,,,,,,17.8571428571,,
576.496,,,,35.7142857143,,,,,,,,82.6086956522,,,,
578.97,,,,,,,,,,,,,,,,2.8571428571
579.878,,,,34.693877551,,,,,,,,,,,65,
582.24,,,,,,,,81.3559322034,,,,,,,,
582.976,,,,33.6734693878,,,,,,,,,,,,
586.356,,,,32.6530612245,,,,,,,,,,,,
590.172,,,,31.6326530612,,,,,,,,,,,,
593.416,,,,30.612244898,,,,,,,,,,,,
595.64,,,,,,,,79.6610169492,17.3076923077,,,,,,,
597.116,,,,29.5918367347,,,,,,,,,,,62.5,
600.988,,,,28.5714285714,,,,,,,,,,,,
605.044,,,,27.5510204082,,,,,,,,,,,,
607.82,,,,,,,,77.9661016949,,46.1538461538,,78.2608695652,,,,
609.1,,,,26.5306122449,,,,,,,,,,,,
613.176,,,,25.5102040816,,,,,,,,,,,,
614.746,,,,,,,,,,,,,,,60,
617.556,,,,24.4897959184,,,,,,,,,,,,
620.48,,,,,,,,76.2711864407,,,,,,,,
622.096,,,,23.4693877551,,,,,,,,,,,,
626.836,,,,22.4489795918,,,,,,,,,,,,
628.24,,,,,,,,,15.3846153846,,,,,,,
632.084,,,,21.4285714286,,,,74.5762711864,,,,,,,,
633.436,,,,,,,,,,,,,,,57.5,
634.382,,,,,,,,,,,,,,14.2857142857,,
636.896,,,,20.4081632653,,,,,,,,,,,,
640.6,,,,,,,,,,,,73.9130434783,,,,
642.276,,,,19.387755102,,,,,,,,,,,,
643.72,,,,,,,,72.8813559322,,,,,,,,
647.916,,,,18.3673469388,,,,,,,,,,,,
651.316,,,,,,0,,,,,,,,,,
652.364,,,,,,,,,,,,,,,55,
653.836,,,,17.3469387755,,,,,,,,,,,,
655.98,,,,,,,,71.186440678,,,,,,,,
660.076,,,,16.3265306122,,,,,,,,,,,,
666.656,,,,15.306122449,,,,,,,,,,,,
668.72,,,,,,,,69.4915254237,,,,,,,,
672.086,,,,,,,,,,,,,,,52.5,
673.616,,,,14.2857142857,,,,,,,,,,,,
679.8,,,,,,,,,,38.4615384615,,69.5652173913,,,,
681.016,,,,13.2653061224,,,,,,,,,,,,
681.64,,,,,,,,67.7966101695,13.4615384615,,,,,,,
686.568,,0,,,,,,,,,,,,,,
688.916,,,,12.2448979592,,,,,,,,,,,,
692.486,,,,,,,,,,,,,,,50,
693.54,,,,,,,,66.1016949153,,,,,,,,
697.376,,,,11.2244897959,,,,,,,,,,,,
705.9,,,,,,,,64.406779661,,,,,,,,
706.476,,,,10.2040816327,,,,,,,,,,,,
708.216,,,,,,,,,,,,,16.6666666667,,,
713.686,,,,,,,,,,,,,,,47.5,
716.356,,,,9.1836734694,,,,,,,,,,,,
718.74,,,,,,,,62.7118644068,,,,,,,,
727.116,,,,8.1632653061,,,,,,,,,,,,
732.1,,,,,,,,61.0169491525,,,,,,,,
735.686,,,,,,,,,,,,,,,45,
737.382,,,,,,,,,,,,,33.3333333333,10.7142857143,,
738.956,,,,7.1428571429,,,,,11.5384615385,,,,,,,
744.08,,,,,,,,59.3220338983,,,,,,,,
752.116,,,,6.1224489796,,,,,,,,,,,,
756.808,,,,,,,,57.6271186441,,,,,,,,
758.686,,,,,,,,,,,,,,,42.5,
759.8,,,,,,,,,,30.7692307692,,,,,,
766.936,,,,5.1020408163,,,,,,,,,,,,
769.44,,,,,,,,55.9322033898,,,,,50,,,
782.9,,,,,,,,54.2372881356,,,,,,,40,
783.876,,,,4.0816326531,,,,,,,,,,,,
794.6,,,,,,,,,,,,73.9130434783,,,,
796.94,,,,,,,,52.5423728814,,,,,,,,
800.44,,,,,,,,,9.6153846154,,,,,,,
802.416,,,,,,,,,,,,,66.6666666667,,,
803.636,,,,3.0612244898,,,,,,,,,,,,
807.686,,,,,,,,,,,,,,,37.5,
809.46,,,,,,,,50.8474576271,,,,,,,,
822.48,,,,,,,,49.1525423729,,,,,,,,
827.236,,,,2.0408163265,,,,,,,,,,,,
830.416,,,,,,,,,,,,78.2608695652,83.3333333333,,,
833.886,,,,,,,,,,,,,,,35,
836.04,,,,,,,,47.4576271186,,,,,,,,
849.8,,,,,,,,,,23.0769230769,,,,,,
850.248,,,,,,,,45.7627118644,,,,,,,,
852.986,,100,,,,,,,,,,,,,,
854.808,,,,,,,,,,,,,,,,0
856.886,,,,1.0204081633,,,,,,,,,,,32.5,
857.608,,,,,,,,,,,,,,7.1428571429,,
864.96,,,,,,,,44.0677966102,,,,,,,,
867.228,,,,,,,,,7.6923076923,,,,,,,
877.416,,,,,,,,,,,,82.6086956522,,,,
878.08,,,,,,,,42.3728813559,,,,,,,,
880.886,,,,,,,,,,,,,,,30,
883.216,,,,,,,,,,,,,100,,,
891.74,,,,,,,,40.6779661017,,,,,,,,
896.236,,,,0,,,,,,,,,,,,
906.016,,,,,,,,38.9830508475,,,,86.9565217391,,,27.5,
920.9,,,,,,,,37.2881355932,,,,,,,,
922.406,,,1,1.0204081633,,,,,,,,,,,,
922.92,,,,2.0408163265,,,,,,,,,,,,
923.442,,,,3.0612244898,,,,,,,,,,,,
924.198,,,,4.0816326531,,,,,,,,,,,,
924.51,,,,5.1020408163,,,,,,,,,,,,
925.058,,,,6.1224489796,,,,,,,,,,,,
925.944,,,,7.1428571429,,,,,,,,,83.3333333333,,,
926.178,,,,8.1632653061,,,,,,,,,,,,
926.752,,,,9.1836734694,,,,,,,,,,,,
927.646,,,,10.2040816327,,,,,,,,,,,,
927.93,,,,11.2244897959,,,,,,,,,,,,
928.534,,,,12.2448979592,,,,,,,,,,,,
929.448,,,2,14.2857142857,,,,,,,,,,,,
929.754,,,,15.306122449,,,,,,,,,,,,
930.064,,,,16.3265306122,,,,,,,,,,,,
930.408,,,,17.3469387755,,,,,,,,,,,,
930.698,,,,18.3673469388,,,,,,,,,,,,
931.022,,,,19.387755102,,,,,,,,,,,,
931.352,,,,20.4081632653,,,,,,,,,,,,
931.688,,,,21.4285714286,,,,,,,,,,,,
932.028,,,,22.4489795918,,,,,,,,,,,,
932.374,,,,23.4693877551,,,,,,,,,,,25,
932.726,,,,24.4897959184,,,,,,,,,,,,
933.084,,,,25.5102040816,,,,,,,,,,,,
933.208,,,,,,,,,,,,,66.6666666667,,,
933.45,,,,26.5306122449,,,,,,,,,,,,
933.822,,,,27.5510204082,,,,,,,,,,,,
934.452,,,,29.5918367347,,,,,,,,,,,,
934.706,,,3,30.612244898,,,,,,,,,,,,
934.964,,,,31.6326530612,,,,,,,,,,,,
935.226,,,,32.6530612245,,,,,,,,,,,,
935.494,,,,33.6734693878,,,,,,,,,,,,
935.766,,,,34.693877551,,,,,,,,,,,,
936.044,,,,35.7142857143,,,,,,,,,,,,
936.328,,,,36.7346938776,,,,,,,,,,,,
936.618,,,,37.7551020408,,,,35.593220339,,,,,,,,
936.914,,,,38.7755102041,,,,,,,,,,,,
937.216,,,,39.7959183673,,,,,,,,,,,,
937.524,,,,40.8163265306,,,,,,,,,50,,,
937.838,,,,41.8367346939,,,,,,,,,,,,
938.16,,,,42.8571428571,,,,,,,,,,,,
938.488,,,,43.8775510204,,,,,,,,,,,,
938.808,,,,44.8979591837,,,,,,,,,,,,
939.058,,,4,45.9183673469,,,,,,,,,,,,
939.314,,,,46.9387755102,,,,,,,,,,,,
939.576,,,,47.9591836735,,,,,,,,,,,,
939.844,,,,48.9795918367,,,,,,,,,,,,
940.118,,,,50,,,,,5.7692307692,,,,,,,
940.4,,,,51.0204081633,,,,,,,,,,,,
940.688,,,,52.0408163265,,,,,,,,,,,,
940.984,,,,53.0612244898,,,,,,,,82.6086956522,33.3333333333,,,
941.288,,,,54.0816326531,,,,,,,,,,,,
941.608,,,,55.1020408163,,,,,,,,,,,,
941.924,,,,56.1224489796,,,,,,,,,,,,
942.256,,,,57.1428571429,,,,,,,,,,,,
942.52,,,,58.1632653061,,,,,,,,,,,,
942.792,,,5,59.1836734694,,,,,,,,,,,,
943.074,,,,60.2040816327,,,,,,,,,,,,
943.364,,,,61.2244897959,,,,,,,,,,,,
943.664,,,,62.2448979592,,,,,,,,,,,,
943.974,,,,63.2653061224,,,,,,,,,16.6666666667,,,
944.296,,,,64.2857142857,,,,,,,,,,,,
944.628,,,,65.306122449,,,,,,,,,,,,
944.974,,,,66.3265306122,,,,,,,,,,,,
945.334,,,,67.3469387755,,,,,,,,,,,,
946.022,,,,69.387755102,,,,,,,,,,,,
946.154,,,6,,,,,,,,,,,,,
946.348,,,,70.4081632653,,,,,,,,,0,,,
946.688,,,,71.4285714286,,,,,,,,,,,,
947.044,,,,72.4489795918,,,,,,,,,,,,
947.418,,,,73.4693877551,,,,,,,,,,,,
948.038,,,,74.4897959184,,,,,,,,,,,,
948.226,,,,75.5102040816,,,,,,,,,,,,
948.888,,,,76.5306122449,,,,,,,,,,,,
949.046,,,7,77.5510204082,,,,,,,,,,,,
949.488,,,,78.5714285714,,,,,,,,,,,,
950.008,,,,79.5918367347,,,,,,,,,,,,
950.346,,,,80.612244898,,,,33.8983050847,,,,,,,,
950.908,,,,81.6326530612,,,,,,,,,,,,
951.668,,,,82.6530612245,,,,,,,,,,,,
951.864,,,8,83.6734693878,,,,,,,,,,,,
952.394,,,,84.693877551,,,,,,,,,,,,
952.976,,,,85.7142857143,,,,,,15.3846153846,,78.2608695652,,,,
953.72,,,,86.7346938776,,,,,,,,,,,,
954.248,,,9,87.7551020408,,,,,,,,,,,,
955.112,,,,88.7755102041,,,,,,,,,,,,
955.736,,,,89.7959183673,,,,,,,,,,,,
956.648,,,10,90.8163265306,,,,,,,,,,,,
957.896,,,,91.8367346939,,,,,,,,,,,,
958.968,,,,92.8571428571,,,,,,,,,,,,
959.288,,,11,,,,,,,,,,,,,
959.686,,,,,,,,,,,,,,,22.5,
960.068,,,,93.8775510204,,,,,,,,,,,,
961.128,,,12,,,,,,,,,,,,,
961.57,,,,94.8979591837,,,,,,,,,,,,
963.51,,,13,95.9183673469,,,,,,,,,,,,
964,,,,,,,,,,,,73.9130434783,,,,
964.856,,,,,,,,32.2033898305,,,,,,,,
965.216,,,14,,,,,,,,,,,,,
966.59,,,,96.9387755102,,,,,,,,,,,,
967.146,,,15,,,,,,,,,,,,,
969.032,,,16,,,,,,,,,,,,,
970.802,,,17,,,,,,,,,,,,,
971.25,,,,97.9591836735,,,,,,,,,,,,
972.538,,,18,,,,,,,,,,,,,
974.23,,,19,,,,,,,,,,,,,
975.992,,,20,,,,,,,,,69.5652173913,,,,
977.458,,,21,,,,,,,,,,,,,
978.998,,,22,,,,,,,,,,,,,
979.66,,,,,,,,30.5084745763,,,,,,,,
980.77,,,23,98.9795918367,,,,,,,,,,,,
981.978,,,24,,,,,,,,,,,,,
983.422,,,25,,,,,,,,,,,,,
983.79,,,,97.9591836735,,,,,,,,,,,,
984.834,,,26,,,,,,,,,,,,,
986.218,,,27,,,,,,,,,,,,,
987.574,,,28,98.9795918367,,,,,,,,,,,,
988.904,,,29,,,,,,,,,65.2173913043,,,20,
990.21,,,30,,,,,,,,,,,,,
991.492,,,31,,,,,,,,,,,,,
992.33,,,,97.9591836735,,,,,,,,,,,,
992.75,,,32,,,,,,,,,,,,,
994.29,,,33,98.9795918367,,,,,,,,,,,,
995.48,,,34,,,,,28.813559322,,,,,,,,
996.454,,,35,,,,,,,,,,,,,
997.646,,,36,,,,,,,,,,,,,
998.818,,,37,,,,,,,,,,,,,
999.97,,,38,,,,,,,,,,,,,
1001.102,,,39,,,,,,,,,,,,,
1001.782,,,,,,,,,,,,,,3.5714285714,,
1002.48,,,40,,,,,,,,,60.8695652174,,,,
1003.348,,,41,,,,,,,,,,,,,
1004.444,,,42,,,,,,,,,,,,,
1005.522,,,43,,,,,,,,,,,,,
1006.616,,,44,,,,,,,,,,,,,
1008.008,,,45,100,,,,,,,,,,,,
1008.846,,,46,98.9795918367,,,,,,,,,,,,
1009.738,,,47,,,,,,,,,,,,,
1010.792,,,48,,,,,,,,,,,,,
1011.96,,,49,,,,,,,,,,,,,
1012.184,,,,,,,,27.1186440678,,,,,,,,
1012.784,,,50,,,,,,,,,,,,,
1013.906,,,51,100,,,,,,,,,,,,
1015.09,,,52,98.9795918367,,,,,,,,,,,,
1015.728,,,53,,,,,,,,,,,,,
1016.686,,,54,,,,,,,,,,,,,
1017.644,,,,,,,,,,,,56.5217391304,,,,
1017.752,,,55,,,,,,,,,,,,,
1018.59,,,56,100,,,,,,,,,,,,
1019.522,,,,,,,,,,,,,,,17.5,
1019.84,,,57,98.9795918367,,,,,3.8461538462,,,,,,,
1020.644,,,58,,,,,,,,,,,,,
1021.374,,,59,,,,,,,,,,,,,
1022.394,,,60,100,,,,,,,,,,,,
1023.19,,,61,,,,,,,,,,,,,
1023.578,,,,98.9795918367,,,,,,,,,,,,
1024.098,,,62,,,,,,,,,,,,,
1025.006,,,63,,,,,,,,,,,,,
1025.914,,,64,100,,,,,,,,,,,,
1026.44,,,,,,,,25.4237288136,,,,,,,,
1027.022,,,65,98.9795918367,,,,,,,,,,,,
1027.73,,,66,,,,,,,,,,,,,
1028.938,,,67,100,,,,,,,,,,,,
1029.546,,,68,,,,,,,,,,,,,
1030.454,,,69,98.9795918367,,,,,,,,,,,,
1031.362,,,70,,,,,,,,,,,,,
1031.838,,,,100,,,,,,,,,,,,
1032.27,,,71,,,,,,,,,,,,,
1033.178,,,72,98.9795918367,,,,,,,,,,,,
1033.64,,,,,,,,,,,,52.1739130435,,,,
1034.086,,,73,,,,,,,,,,,,,
1034.576,,,,100,,,,,,,,,,,,
1034.994,,,74,,,,,,,,,,,,,
1035.902,,,75,98.9795918367,,,,,,,,,,,,
1036.81,,,76,,,,,,,,,,,,,
1037.18,,,,100,,,,,,,,,,,,
1037.864,,,77,,,,,,,,,,,,,
1038.626,,,78,98.9795918367,,,,,,,,,,,,
1039.672,,,79,100,,,,,,,,,,,,
1040.442,,,80,,,,,,,,,,,,,
1040.856,,,,98.9795918367,,,,,,,,,,,,
1041.6,,,81,,,,,23.7288135593,,,,,,,,
1042.258,,,82,100,,,,,,,,,,,,
1043.282,,,83,98.9795918367,,,,,,,,,,,,
1044.234,,,84,,,,,,,,,,,,,
1044.436,,,,100,,,,,,,,,,,,
1044.982,,,85,,,,,,,,,,,,,
1045.89,,,,98.9795918367,,,,,,,,,,,,
1046.102,,,86,,,,,,,,,,,,,
1046.798,,,87,100,,,,,,,,,,,,
1047.906,,,88,98.9795918367,,,,,,,,,,,,
1048.94,,,89,100,,,,,,,,,,,,
1049.556,,,90,,,,,,,,,,,,,
1050.43,,,91,98.9795918367,,,,,,,,,,,,
1051.338,,,,100,,,,,,,,,,,,
1051.686,,,92,,,,,,,,,47.8260869565,,,15,
1052.3,,,93,98.9795918367,,,,,,,,,,,,
1053.234,,,94,100,,,,,,,,,,,,
1054.418,,,95,98.9795918367,,,,,,,,,,,,
1055.318,,,96,100,,,,,,,,,,,,
1055.878,,,97,,,,,,,,,,,,,
1056.786,,,,98.9795918367,,,,,,,,,,,,
1057.144,,,98,,,,,,,,,,,,,
1057.694,,,99,100,,,,22.0338983051,,,,,,,,
1058.602,,,100,98.9795918367,,,,,,,,,,,,
1059.394,,,,100,,,,,,,,,,,,
1060.578,,,,98.9795918367,,,,,,,,,,,,
1061.418,,,,100,,,,,,,,,,,,
1062.602,,,,98.9795918367,,,,,,,,,,,,
1063.442,,,,100,,,,,,,,,,,,
1064.626,,,,98.9795918367,,,,,,,,,,,,
1065.466,,,,100,,,,,,,,,,,,
1066.65,,,,98.9795918367,,,,,,,,,,,,
1067.49,,,,100,,,,,,,,,,,,
1068.674,,,,98.9795918367,,,,,,,,,,,,
1069.514,,,,100,,,,,,,,,,,,
1070.698,,,,98.9795918367,,,,,,,,,,,,
1071.538,,,,100,,,,,,,,43.4782608696,,,,
1073,,,,98.9795918367,,,,,,7.6923076923,,,,,,
1073.562,,,,100,,,,,,,,,,,,
1074.18,,,,,,,,20.3389830508,,,,,,,,
1074.748,,,,98.9795918367,,,,,,,,,,,,
1075.586,,,,100,,,,,,,,,,,,
1076.77,,,,98.9795918367,,,,,,,,,,,,
1077.61,,,,100,,,,,,,,,,,,
1078.804,,,,98.9795918367,,,,,,,,,,,,
1079.634,,,,100,,,,,,,,,,,,
1080.818,,,,98.9795918367,,,,,,,,,,,,
1081.658,,,,100,,,,,,,,,,,,
1082.86,,,,98.9795918367,,,,,,,,,,,,
1083.682,,,,100,,,,,,,,,,,,
1084.866,,,,98.9795918367,,,,,,,,,,,,
1085.706,,,,100,,,,,,,,,,,,
1086.286,,,,,,,,,,,,,,,12.5,
1086.916,,,,98.9795918367,,,,,,,,,,,,
1087.73,,,,100,,,,,,,,,,,,
1088.268,,,,,,,,,,,,39.1304347826,,,,
1088.914,,,,98.9795918367,,,,,,,,,,,,
1089.754,,,,100,,,,,,,,,,,,
1090.972,,,,98.9795918367,,,,,,,,,,,,
1091.78,,,,100,,,,18.6440677966,,,,,,,,
1092.962,,,,98.9795918367,,,,,,,,,,,,
1093.802,,,,100,,,,,,,,,,,,
1095.028,,,,98.9795918367,,,,,,,,,,,,
1095.826,,,,100,,,,,,,,,,,,
1097.01,,,,98.9795918367,,,,,,,,,,,,
1097.85,,,,100,,,,,,,,,,,,
1099.084,,,,98.9795918367,,,,,,,,,,,,
1099.874,,,,100,,,,,,,,,,,,
1101.058,,,,98.9795918367,,,,,,,,,,,,
1101.898,,,,100,,,,,,,,,,,,
1103.14,,0,,98.9795918367,,,,,,,,,,,,
1103.922,,,,100,,,,,,,,,,,,
1105.106,,,,98.9795918367,,,,,,,,,,,,
1105.946,,,,100,,,,,,,,,,,,
1106.62,,,,,,,,,,,,34.7826086957,,,,
1107.196,,,,98.9795918367,,,,,,,,,,,,
1107.97,,,,100,,,,,,,,,,,,
1109.154,,,,98.9795918367,,,,16.9491525424,1.9230769231,,,,,,,
1109.994,,,,100,,,,,,,,,,,,
1111.252,,,,98.9795918367,,,,,,,,,,,,
1112.018,,,,100,,,,,,,,,,,,
1113.202,,,,98.9795918367,,,,,,,,,,,,
1114.042,,,,100,,,,,,,,,,,,
1115.308,,,,98.9795918367,,,,,,,,,,,,
1116.066,,,,100,,,,,,,,,,,,
1117.25,,,,98.9795918367,,,,,,,,,,,,
1118.09,,,,100,,,,,,,,,,,,
1119.364,,,,98.9795918367,,,,,,,,,,,,
1120.114,,,,100,,,,,,,,,,,,
1121.298,,,,98.9795918367,,,,,,,,,,,,
1122.138,,,,100,,,,,,,,,,,,
1123.42,,,,98.9795918367,,,,,,,,,,,10,
1124.162,,,,100,,,,,,,,,,,,
1124.86,,,,,,,,15.2542372881,,,,,,,,
1125.346,,,,98.9795918367,,,,,,,,,,,,
1126.186,,,,100,,,,,,,,,,,,
1127.476,,,,98.9795918367,,,,,,,,30.4347826087,,,,
1128.21,,,,100,,,,,,,,,,,,
1129.394,,,,98.9795918367,,,,,,,,,,,,
1130.234,,,,100,,,,,,,,,,,,
1131.532,,,,98.9795918367,,,,,,,,,,,,
1132.258,,,,100,,,,,,,,,,,,
1133.442,,,,98.9795918367,,,,,,,,,,,,
1134.282,,,,100,,,,,,,,,,,,
1135.588,,,,98.9795918367,,,,,,,,,,,,
1136.306,,,,100,,,,,,,,,,,,
1137.49,,,,98.9795918367,,,,,,,,,,,,
1138.33,,,,100,,,,,,,,,,,,
1139.644,,,,98.9795918367,,,,,,,,,,,,
1140.354,,,,100,,,,,,,,,,,,
1141.72,,,,98.9795918367,,,,13.5593220339,,,,,,,,
1142.378,,,,100,,,,,,,,,,,,
1143.7,,,,98.9795918367,,,,,,,,,,,,
1144.402,,,,100,,,,,,,,,,,,
1145.586,,,,98.9795918367,,,,,,,,,,,,
1146.426,,,,100,,,,,,,,,,,,
1147.756,,,,98.9795918367,,,,,,,,,,,,
1148.45,,,,100,,,,,,,,,,,,
1149.634,,,,98.9795918367,,,,,,,,,,,,
1150.474,,,,100,,,,,,,,26.0869565217,,,,
1151.812,,,,98.9795918367,,,,,,,,,,,,
1152.498,,,,100,,,,,,,,,,,,
1153.682,,,,98.9795918367,,,,,,,,,,,,
1154.522,,,,100,,,,,,,,,,,,
1155.868,,,,98.9795918367,,,,,,,,,,,,
1156.546,,,,100,,,,,,,,,,,,
1157.73,,,,98.9795918367,,,,,,,,,,,,
1158.572,,,,100,,,,,,,,,,,,
1159.754,,,,,,,,11.8644067797,,,,,,,,
1159.924,,,,98.9795918367,,,,,,,,,,,,
1160.594,,,,100,,,,,,,,,,,,
1161.778,,,,98.9795918367,,,,,,,,,,,,
1162.628,,,,100,,,,,,,,,,,7.5,
1163.98,,,,98.9795918367,,,,,,,,,,,,
1164.642,,,,100,,,,,,,,,,,,
1165.826,,,,98.9795918367,,,,,,,,,,,,
1166.684,,,,100,,,,,,,,,,,,
1168.036,,,,98.9795918367,,,,,,,,,,,,
1168.69,,,,100,,,,,,,,,,,,
1170.224,,,,98.9795918367,,,,,,,,,,,,
1170.714,,,,100,,,,,,,,,,,,
1171.898,,,,98.9795918367,,,,,,,,,,,,
1173.024,,,,100,,,,,,,,,,,,
1173.922,,,,98.9795918367,,,,,,,,,,,,
1174.762,,,,100,,,,,,,,,,,,
1175.946,,,,98.9795918367,,,,,,,,,,,,
1177.02,,,,100,,,,,,,,21.7391304348,,,,
1178.26,,,,98.9795918367,,,,10.1694915254,,,,,,,,
1178.81,,,,100,,,,,,,,,,,,
1179.994,,,,98.9795918367,,,,,,,,,,,,
1180.834,,,,100,,,,,,,,,,,,
1182.018,,,,98.9795918367,,,,,,,,,,0,,
1182.858,,,,100,,,,,,,,,,,,
1184.224,,,,98.9795918367,,,,,,,,,,,,
1184.882,,,,100,,,,,,,,,,,,
1186.066,,,,98.9795918367,,,,,,,,,,,,
1187.024,,,,100,,,,,,,,,,,,
1188.09,,,,98.9795918367,,,,,,,,,,,,
1188.93,,,,100,,,,,,,,,,,,
1190.114,,,,98.9795918367,,,,,,,,,,,,
1190.954,,,,100,,,,,,,,,,,,
1192.138,,,,98.9795918367,,,,,,,,,,,,
1192.978,,,,100,,,,,,,,,,,,
1194.162,,,,98.9795918367,,,,,,,,,,,,
1195.002,,,,100,,,,,,,,,,,,
1196.186,,,,98.9795918367,,,,,,,,,,,,
1197.026,,,,100,,,,,,,,,,,,
1198.224,,,,98.9795918367,,,,8.4745762712,,,,,,,,
1199.05,,,,100,,,,,,,,,,,,
1200.234,,,,98.9795918367,,,,,,,,,,,,
1201.074,,,,100,,,,,,,,,,,,
1202.258,,,,98.9795918367,,,,,,,,,,,,
1203.098,,,,100,,,,,,,,,,,,
1204.282,,,,98.9795918367,,,,,,,,,,,,
1205.122,,,,100,,,,,,,,,,,5,
1206.624,,,,98.9795918367,,,,,,,,,,,,
1207.146,,,,100,,,,,,,,,,,,
1208.33,,,,98.9795918367,,,,,,,,17.3913043478,,,,
1209.17,,,,,,,,,0,,,,,,,
1209.424,,,,100,,,,,,,,,,,,
1210.354,,,,98.9795918367,,,,,,,,,,,,
1211.194,,,,100,,,,,,,,,,,,
1212.378,,,,98.9795918367,,,,,,,,,,,,
1213.218,,,,100,,,,,,,,,,,,
1214.402,,,,98.9795918367,,,,,,,,,,,,
1215.242,,,,100,,,,6.7796610169,,,,,,,,
1216.426,,,,98.9795918367,,,,,,,,,,,,
1217.266,,,,100,,,,,,0,,,,,,
1218.45,,,,98.9795918367,,,,,,,,,,,,
1219.29,,,,100,,,,,,,,,,,,
1220.624,,,,98.9795918367,,,,,,,,,,,,
1221.314,,,,100,,,,,,,,,,,,
1222.498,,,,98.9795918367,,,,,,,,,,,,
1223.424,,,,100,,,,,,,,,,,,
1224.522,,,,98.9795918367,,,,,,,,,,,,
1225.362,,,,100,,,,,,,,,,,,
1226.546,,,,98.9795918367,,,,,,,,,,,,
1227.386,,,,100,,,,,,,,,,,,
1228.57,,,,98.9795918367,,,,,,,,,,,,
1229.41,,,,100,,,,,,,,,,,,
1230.594,,,,98.9795918367,,,,,,,,,,,,
1231.434,,,,100,,,,,,,,,,,,
1232.618,,,,98.9795918367,,,,,,,,13.0434782609,,,,
1233.458,,,,100,,,,5.0847457627,,,,,,,,
1234.642,,,,98.9795918367,,,,,,,,,,,,
1235.482,,,,100,,,,,,,,,,,,
1236.666,,,,98.9795918367,,,,,,,,,,,,
1237.506,,,,100,,,,,,,,,,,,
1238.69,,,,98.9795918367,,,,,,,,,,,,
1239.53,,,,100,,,,,,,,,,,,
1240.714,,,,98.9795918367,,,,,,,,,,,,
1241.554,,,,100,,,,,,,,,,,,
1243.024,,,,98.9795918367,,,,,,,,,,,,
1243.578,,,,100,,,,,,,,,,,,
1244.762,,,,98.9795918367,,,,,,,,,,,,
1245.824,,,,100,,,,,,,,,,,,
1246.786,,,,98.9795918367,,,,,,,,,,,,
1247.626,,,,100,,,,,,,,,,,,
1248.81,,,,98.9795918367,,,,,,,,,,,,
1249.65,,,,100,,,,,,,,,,,,
1251.086,,,,98.9795918367,,,,,,,,,,,,
1251.424,,,,,,,,,,,,,,,2.5,
1251.674,,,,100,,,,,,,,,,,,
1252.14,,,,,,,,3.3898305085,,,,,,,,
1252.858,,,,98.9795918367,,,,,,,,,,,,
1253.698,,,,100,,,,,,,,,,,,
1254.882,,,,98.9795918367,,,,,,,,,,,,
1255.722,,,,100,,,,,,,,,,,,
1257.024,,,,98.9795918367,,,,,,,,,,,,
1257.746,,,,100,,,,,,,,,,,,
1258.93,,,,98.9795918367,,,,,,,,,,,,
1259.824,,,,100,,,,,,,,,,,,
1260.954,,,,98.9795918367,,,,,,,,8.6956521739,,,,
1261.794,,,,100,,,,,,,,,,,,
1262.978,,,,98.9795918367,,,,,,,,,,,,
1263.818,,,,100,,,,,,,,,,,,
1265.002,,,,98.9795918367,,,,,,,,,,,,
1265.842,,,,100,,,,,,,,,,,,
1267.026,,,,98.9795918367,,,,,,,,,,,,
1268.224,,,,100,,,,,,,,,,,,
1269.05,,,,98.9795918367,,,,,,,,,,,,
1269.89,,100,,100,,,,,,,,,,,,
1271.074,,,,98.9795918367,,,,,,,,,,,,
1272.14,,,,100,,,,1.6949152542,,,,,,,,
1273.098,,,,98.9795918367,,,,,,,,,,,,
1273.938,,,,100,,,,,,,,,,,,
1275.122,,,,98.9795918367,,,,,,,,,,,,
1275.54,,,,,,,2.5641025641,,,,,,,,,
1275.962,,,,100,,,,,,,,,,,,
1277.146,,,,98.9795918367,,,,,,,,,,,,
1277.986,,,,100,,,,,,,,,,,,
1279.424,,,,98.9795918367,,,,,,,,,,,,
1280.01,,,,100,,,,,,,,,,,,
1281.194,,,,98.9795918367,,,,,,,,,,,,
1282.224,,,,100,,,,,,,,,,,,
1283.218,,,,98.9795918367,,,,,,,,,,,,
1284.058,,,,100,,,,,,,,,,,,
1285.242,,,,98.9795918367,,,,,,,,,,,,
1286.082,,,,100,,,,,,,,,,,,
1287.266,,,,98.9795918367,,,,,,,,,,,,
1288.106,,,,100,,,,,,,,,,,,
1289.29,,,,98.9795918367,,,,,,,,,,,,
1290.13,,,,100,,,,,,,,,,,,
1290.624,,,,,,,5.1282051282,,,,,,,,,
1291.314,,,,98.9795918367,,,,,,,,,,,,
1292.154,,,,100,,,,,1.9230769231,,,,,,,
1293.424,,,,98.9795918367,,,,,,,,,,,,
1294.178,,,,100,,,,,,,,4.347826087,,,,
1295.362,,,,98.9795918367,,,,,,,,,,,,
1296.224,,,,100,,,,,,,,,,,,
1297,,,,,,,7.6923076923,,,,,,,3.5714285714,,
1297.386,,,,98.9795918367,,,,,,,,,,,,
1298.226,,,,100,,,,,,,,,,,,
1299.41,,,,98.9795918367,,,,,,,,,,,,
1300.25,,,,100,,,,,,,,,,,,
1300.74,,,,,,,,0,,,,,,,,
1301.434,,,,98.9795918367,,,,,,,,,,,0,
1302.274,,,,100,,,,,,,,,,,,
1303.46,,,,98.9795918367,,,10.2564102564,,,,2.5,,,,,
1304.624,,,,100,,,,,,,,,,,,
1305.54,,,,98.9795918367,,,,,,,,,,,,2.8571428571
1306.322,,,,100,,,,,,,,,,,,
1307.506,,,,98.9795918367,,,,,,,,,,,,
1308.346,,,,100,,,,,,,,,,,,
1309.53,,,,98.9795918367,,,,,,,,,,,,
1310.224,,,,,,,12.8205128205,,,,,,,,,
1310.37,,,,100,,,,,,,,,,,,
1311.554,,,,98.9795918367,6.25,,,,,,,,,,,
1312.394,,,,100,,,,,,,,,,,,
1313.578,,,,98.9795918367,,,,,,,,,,,,
1314.418,,,,100,,,,,,,,,,,,
1315.602,,,,,,,,,3.8461538462,,,,,,,
1315.824,,,,98.9795918367,,,,,,,,,,,,
1316.442,,,,100,,,15.3846153846,,,,,,,,,
1317.626,,,,98.9795918367,,,,,,,,,,,,
1318.624,,,,100,,,,,,,,,,,,
1319.65,,,,98.9795918367,,,,,,,5,,,,,
1320.49,,,,100,,,,,,,,,,,,
1321.674,,,,98.9795918367,,,,,,,,,,,,
1322.514,,,,100,,,,,,,,,,,,
1322.98,,,,,,,17.9487179487,,,,,,,,,
1323.84,,,,98.9795918367,,,,,,,,,,,,5.7142857143
1324.538,,,,100,,,,,,,,,,,,
1325.722,,,,98.9795918367,,,,,,,,,,,,
1326.562,,,,100,,,,,,,,,,,,
1327.024,,,,,,,,,,,,,,7.1428571429,,
1328.064,,,,98.9795918367,,,,,,,,,,,,
1328.586,,,,100,,,,,,,,,,,,
1329.824,,,,98.9795918367,,,20.5128205128,,5.7692307692,,,,,,,
1330.61,,,,100,,,,,,,,,,,,
1331.9,,,,98.9795918367,,,,,,,7.5,,,,,
1332.864,,,,100,,,,,,,,,,,,
1333.818,,,,98.9795918367,,,,,,,,,,,,
1334.658,,,,100,,,,,,,,,,,,
1335.02,,,,,12.5,,23.0769230769,,,,,0,,,,
1335.842,,,,98.9795918367,,,,,,,,,,,,
1336.682,,,,100,,,,,,,,,,,,
1338.224,,,,98.9795918367,,,,,,,,,,,,
1338.706,,,,100,,,,,,,,,,,,8.5714285714
1339.18,,,,,,,25.641025641,,,,,,,,,
1339.89,,,,98.9795918367,,,,,,,,,,,,
1340.73,,,,,,,,,7.6923076923,,,,,,,
1341.024,,,,100,,,,,,,,,,,,
1342.04,,,,98.9795918367,,,,,,,10,,,,,
1342.754,,,,100,,,,,,,,,,,,
1343.34,,,,,,,28.2051282051,,,,,,,,,
1343.938,,,,98.9795918367,,,,,,,,,,,,
1345.044,,,,100,,,,,,,,,,,,
1345.48,,,,,,,,,,,,,,10.7142857143,,
1345.962,,,,98.9795918367,,,,,,,,,,,,
1346.802,,,,100,,,,,,,,,,,,
1347.52,,,,,,,30.7692307692,,,,,,,,,
1347.986,,,,98.9795918367,,,,,,,,,,,,
1348.826,,,,100,,,,,,,,,,,,
1349.46,,,,,,,,,9.6153846154,,,,,,,
1350.01,,,,98.9795918367,,,,,,,,,,,,11.4285714286
1350.85,,,,100,,,,,,,12.5,,,,,
1352.034,,,,,,,33.3333333333,,,,,,,,,
1352.224,,,,98.9795918367,18.75,7.6923076923,,,,,,,,,,
1352.874,,,,100,,,,,,,,,,,,
1354.058,,,,98.9795918367,,,,,,,,,,,,
1355.044,,,,100,,,,,,,,,,,,
1356.082,,,,98.9795918367,,,35.8974358974,,,,,,,,,
1356.922,,,,100,,,,,,,,,,,,
1358.106,,,,98.9795918367,,,,1.6949152542,11.5384615385,,,,,,,
1358.946,,,,100,,,,,,,15,,,,,
1360.13,,,,98.9795918367,,,38.4615384615,,,,,,,14.2857142857,2.5,14.2857142857
1361.2,,,,100,,,,,,7.6923076923,,,,,,
1362.154,,,,98.9795918367,,,,,,,,,,,,
1362.994,,,,100,,,,,,,,,,,,
1364.32,,,,98.9795918367,,,41.0256410256,,,,,,,,,
1365.018,,,,100,,,,,13.4615384615,,,,,,,
1366.224,,,,98.9795918367,,,,,,,17.5,,,,,
1367.042,,,,100,,,,,,,,,,,,
1368.54,,,,98.9795918367,25,,,,,,,,,,,
1368.804,,,,,,,43.5897435897,,,,,,,,,17.1428571429
1369.066,,,,100,,,,,,,,,,,,
1370.25,,,,98.9795918367,,,,,,,,,,,,
1371.304,,,,100,,,,,,,,,,,,
1371.824,,,,,,,,,15.3846153846,,,,,,,
1372.274,,,,98.9795918367,,,,,,,,,,,,
1372.78,,,,,,,,,,,,,,17.8571428571,,
1373.114,,,,100,,,46.1538461538,,,,20,,,,,
1374.624,,,,98.9795918367,,,,,,,,,,,,
1375.138,,,,100,,,,,,,,,,,,
1376.322,,,,98.9795918367,,,,,,,,,,,,
1377.162,,,,,,,48.7179487179,,,,,,,,,20
1377.424,,,,100,,,,,,,,,,,,
1377.6,,,,,,,,3.3898305085,17.3076923077,,,,,,,
1378.346,,,,98.9795918367,,,,,,,,,,,,
1379.186,,,,100,,,,,,,22.5,,,,,
1380.504,,,,98.9795918367,,,,,,,,,,,,
1381.28,,,,100,31.25,15.3846153846,51.2820512821,,,,,,,,,
1382.684,,,,98.9795918367,,,,,,,,,,,,
1383.58,,,,100,,,,,19.2307692308,,,,,,,
1384,,,,,,,,,,,,,,21.4285714286,,
1384.68,,,,98.9795918367,,,,,,,,,,,,
1384.804,,,,,,,,,,,,,,,,22.8571428571
1385.54,,,,100,,,,,,,25,,,,,
1385.824,,,,,,,53.8461538462,,,,,,,,,
1386.5,,,,98.9795918367,,,,,,,,,,,5,
1387.282,,,,100,,,,,,,,,,,,
1388.624,,,,98.9795918367,,,,,,,,,,,,
1389.306,,,,100,,,,,21.1538461538,,,,,,,
1389.82,,,,,,,56.4102564103,,,,,,,,,
1390.49,,,,98.9795918367,,,,5.0847457627,,,,,,,,
1390.96,,,,,,,,,,,27.5,,,,,
1391.424,,,,100,,,,,,,,,,,,
1391.76,,,,,,,,,,,,,,,,25.7142857143
1392.808,,,,98.9795918367,,,,,,,,,,,,
1393.354,,,,100,,,,,,,,,,,,
1394.36,,,,,37.5,,58.9743589744,,,,,,,25,,
1394.7,,,,98.9795918367,,,,,23.0769230769,,,,,,,
1395.378,,,,100,,,,,,,,,,,,
1396.592,,,,98.9795918367,,,,,,,30,,,,,
1397.402,,,,100,,,,,,,,,,,,
1398.586,,,,98.9795918367,,,61.5384615385,,,,,,,,,28.5714285714
1399.426,,,,100,,,,,25,,,,,,,
1400.61,,,,98.9795918367,,,,6.7796610169,,,,,,,,
1401.76,,,,100,,,,,,,,,,,,
1402.014,,,,,,,,,,,32.5,,,,,
1402.88,,,,98.9795918367,,,64.1025641026,,,,,,,28.5714285714,,
1403.76,,,,100,,,,,,,,,,,,
1403.9,,,,,,,,,26.9230769231,,,,,,,
1404.7,,,,98.9795918367,,,,,,,,,,,7.5,31.4285714286
1405.82,,,,100,43.75,23.0769230769,,,,,,,,,,
1407.02,,,,98.9795918367,,,,,,,,,,,,
1407.164,,,,,,,66.6666666667,,,15.3846153846,35,,,,,
1407.522,,,,100,,,,,,,,,,,,
1408.826,,,,98.9795918367,,,,8.4745762712,28.8461538462,,,,,,,
1409.546,,,,100,,,,,,,,,,,,
1411.08,,,,98.9795918367,,,,,,,,,,,,
1411.36,,,,,,,,,,,,,,,,34.2857142857
1411.57,,,,100,,,69.2307692308,,,,,,,32.1428571429,,
1412.224,,,,,,,,,,,37.5,,,,,
1413.1,,,,98.9795918367,,,,,30.7692307692,,,,,,,
1413.824,,,,100,,,,,,,,,,,,
1414.778,,,,98.9795918367,,,,,,,,,,,,
1415.68,,,,100,,,71.7948717949,,,,,,,,,
1416.96,,,,,,,,10.1694915254,,,,,,,,
1417.04,,,,98.9795918367,50,,,,,,40,,,,,37.1428571429
1417.642,,,,100,,,,,32.6923076923,,,,,,,
1418.92,,,,98.9795918367,,,,,,,,,,,10,
1419.666,,,,,,,,,,,,,,35.7142857143,,
1420.02,,,,100,,,,,,,,,,,,
1420.324,,,,,,,74.358974359,,,,,,,,,
1420.85,,,,98.9795918367,,,,,,,,,,,,
1421.69,,,,100,,,,,34.6153846154,,42.5,,,,,
1422.922,,,,98.9795918367,,,,,,,,,,,,40
1423.714,,,,100,,,,11.8644067797,,,,,,,,
1424.404,,,,,,,76.9230769231,,,,,,,,,
1425.024,,,,98.9795918367,,,,,,,,,,,,
1425.854,,,,,,,,,36.5384615385,,,,,,,
1426.04,,,,100,,,,,,,45,,,,,
1427.12,,,,98.9795918367,,,,,,,,,,,,
1427.304,,,,,,,,,,,,,,39.2857142857,,
1427.824,,,,100,,30.7692307692,,,,,,,,,,
1428.74,,,,,56.25,,,,,,,,,,,42.8571428571
1428.946,,,,,,,79.4871794872,,,,,,,,,
1429.22,,,,98.9795918367,,,,,,,,,,,,
1429.484,,,,,,,,,,,,4.347826087,,,,
1429.786,,,,,,,,13.5593220339,38.4615384615,,,,,,,
1430.144,,,,100,,,,,,,,,,,,
1430.98,,,,98.9795918367,,,,,,,47.5,,,,12.5,
1432.064,,,,100,,,,,,,,,,,,
1432.994,,,,98.9795918367,,,,,,,,,,,,
1433.834,,,,,,,,,40.3846153846,,,,,,,
1434.1,,,,100,,,,,,,,,,,,
1434.32,,,,,,,,,,,,,,,,45.7142857143
1435.018,,,,,,,,,,,,,,42.8571428571,,
1435.26,,,,98.9795918367,,,,,,,,,,,,
1435.48,,,,,,,,15.2542372881,,,,,,,,
1435.712,,,,,,,,,,,50,,,,,
1435.88,,,,100,,,82.0512820513,,,,,,,,,
1437.104,,,,98.9795918367,,,,,,23.0769230769,,,,,,
1437.882,,,,100,,,,,42.3076923077,,,,,,,
1439.4,,,,98.9795918367,,,,,,,,,,,,
1439.58,,,,,62.5,,,,,,,,,,,
1439.906,,,,,,,,,,,,,,,,48.5714285714
1440,100,100,100,98.9795918367,62.5,30.7692307692,82.0512820513,15.2542372881,42.3076923077,23.0769230769,50,4.347826087,0,42.8571428571,12.5,48.5714285714
