Time (min),CRY_ANIMO,CRY_ODE,
0,97.8723,65.1737,
5.0846,97.8723, ,
6.4028,97.8723, ,
7.6582,96.8085, ,
8.0349,97.8723, ,
8.4743,96.8085, ,
9.5414,97.8723, ,
9.7925,96.8085, ,
23.4141, ,64.768,
25.5484, ,64.3609,
27.0549,96.8085, ,
28.2476,95.7447, ,
28.6242,96.8085, ,
29.0636,95.7447, ,
29.8797,96.8085, ,
30.3191,95.7447, ,
31.5118,95.7447, ,
36.408,95.7447, ,
38.9189,95.7447,63.9522,
40.2371,95.7447, ,
41.4298,94.6809, ,
41.7437,95.7447, ,
42.6225,94.6809,63.542,
42.748,95.7447, ,
43.7524,94.6809, ,
44.129,95.7447, ,
44.8823,94.6809, ,
47.9582, ,63.1104,
50.5946, ,62.6772,
53.796, ,62.2425,
60.7637, ,61.8062,
63.8396,93.617, ,
63.9024, ,61.339,
64.279,94.6809, ,
64.6556,93.617, ,
65.5972,94.6809, ,
66.0366,93.617, ,
67.1037,94.6809,60.8701,
67.1037,93.617, ,
70.8701, ,60.3995,
76.5196,93.617, ,
77.6495,92.5532, ,
78.0262,93.617, ,
79.0305,92.5532, ,
79.4699,93.617, ,
79.9093, ,59.9272,
80.1604,92.5532, ,
80.9765, ,59.4883,
82.0436, ,59.0481,
86.5632,91.4894, ,
86.8771,92.5532, ,
87.8814,91.4894, ,
88.3208,92.5532, ,
89.3252,91.4894, ,
89.5135, ,58.6065,
90.204,92.5532, ,
90.204,91.4894, ,
91.0828, ,58.1636,
94.8492, ,57.7225,
95.6652,91.4894, ,
96.7323,90.4255, ,
97.6112,91.4894, ,
98.0506,90.4255, ,
102.3191, ,57.28,
103.1351,89.3617, ,
103.5745,90.4255, ,
104.3906,89.3617, ,
104.8928,90.4255, ,
104.9555, ,56.8364,
105.7088,89.3617, ,
107.592, ,56.3915,
111.1072,89.3617, ,
111.3583, ,56.0004,
112.4255,88.2979, ,
112.8649,89.3617, ,
113.8065,88.2979, ,
114.5597,89.3617, ,
114.9364,88.2979, ,
115.0619, ,55.6083,
117.1962, ,55.2154,
118.8282, ,54.8215,
120.5231,87.234, ,
120.8997,88.2979, ,
121.7786,87.234, ,
122.5318, ,54.4571,
125.6077,86.1702, ,
126.3609,87.234, ,
126.8003,86.1702, ,
127.8675, ,54.0919,
131.2572,85.1064, ,
131.5711, ,53.726,
131.6966,86.1702, ,
132.3243,85.1064, ,
134.2703, ,53.3594,
136.7812,84.0426, ,
137.2833,85.1064, ,
138.0994,84.0426, ,
141.1125,82.9787, ,
141.4891,84.0426, ,
142.5562,82.9787, ,
143.8745, ,53.0048,
145.2554,81.9149, ,
145.6949,82.9787, ,
146.762,81.9149, ,
147.578, ,52.6496,
147.7663,82.9787, ,
147.7663,81.9149, ,
149.524,80.8511, ,
150.1517,81.9149, ,
150.5911,80.8511, ,
153.667,79.7872, ,
156.1151, ,52.2938,
156.8056,78.7234, ,
157.245,79.7872, ,
158.1866,78.7234, ,
159.6931,77.6596, ,
159.8187, ,51.9373,
160.1325,78.7234, ,
161.1997,77.6596, ,
161.9529, ,51.5847,
162.7062,76.5957, ,
163.0828,77.6596, ,
164.2127,76.5957, ,
165.7193,75.5319, ,
166.2214, ,51.2315,
166.7236,76.5957, ,
167.0375,75.5319, ,
168.6068,74.4681, ,
171.871,73.4043, ,
172.6242, ,50.8777,
173.5031,72.3404, ,
175.0724,71.2766, ,
175.7629,72.3404, ,
175.8256, ,50.5233,
176.6417,71.2766, ,
178.1482,70.2128, ,
180.0942,69.1489, ,
181.7262,68.0851, ,
182.7306, ,50.1684,
183.4211,67.0213, ,
183.7977, ,49.813,
184.8649,65.9574, ,
186.4969, ,49.4569,
186.6853,64.8936, ,
187.5013, ,49.1003,
188.5057,63.8298, ,
190.3888,62.766, ,
192.3976,61.7021, ,
194.3435,60.6383, ,
196.2267,59.5745, ,
197.1055, ,48.7405,
198.2354,58.5106, ,
200.1813,57.4468, ,
200.3069, ,48.3801,
202.2528,56.383, ,
203.5083, ,48.0192,
204.2616,55.3191, ,
205.1404, ,47.6577,
206.2075,54.2553, ,
207.2746, ,47.2912,
208.4045,53.1915, ,
210.6016,52.1277, ,
210.9782, ,46.9242,
212.9241,51.0638, ,
215.1212,50, ,
217.6321,48.9362, ,
218.4481, ,46.5567,
219.9547,47.8723, ,
222.5283,46.8085, ,
223.7838, ,46.1887,
224.9137,45.7447, ,
226.4202, ,45.8145,
227.4874,44.6809,45.4398,
230.1238, ,45.0646,
230.3749,43.617, ,
232.8858,42.5532, ,
234.3923, ,44.6889,
235.585,41.4894, ,
236.5266, ,44.3062,
238.2842,40.4255, ,
239.728, ,43.923,
241.1718,39.3617, ,
243.4316, ,43.5394,
244.1848,38.2979, ,
247.1351,37.234, ,
248.83, ,43.1553,
250.0854,36.1702, ,
250.3993, ,42.7637,
253.2868,35.1064, ,
253.6635, ,42.3716,
256.4255,34.0426, ,
259.8152,32.9787, ,
261.0706, ,41.9791,
263.5815,31.9149, ,
263.7071, ,41.5862,
266.4063, ,41.1854,
267.2851,30.8511, ,
269.6077, ,40.7842,
271.1142,29.7872, ,
271.6792, ,40.3825,
275.1316,28.7234, ,
279.2746,27.6596, ,
283.2921,26.5957, ,
284.1709, ,39.9805,
287.5606,25.5319, ,
289.3182, ,39.5704,
290.8875, ,39.1599,
291.9547, ,38.749,
292.0802,24.4681, ,
293.0218, ,38.3377,
294.34, ,37.9182,
295.6582, ,37.4983,
296.9765,23.4043, ,
299.4246, ,37.0781,
301.9983,22.3404, ,
304.7602, ,36.6574,
306.8945,21.2766, ,
312.1674,20.2128, ,
313.2345, ,36.2285,
316.4359, ,35.7991,
317.5031,19.1489, ,
320.2023, ,35.3695,
321.2694, ,34.9395,
323.4037,18.0851, ,
324.973, ,34.5009,
326.0401, ,34.0619,
329.7437,17.0213, ,
336.7114,15.9574,33.6227,
337.7786, ,33.1832,
339.9128, ,32.7347,
343.4908,14.8936, ,
343.5536, ,32.286,
346.8178, ,31.837,
348.952, ,31.3877,
349.517, ,30.9289,
351.0863,13.8298, ,
352.1534, ,30.47,
353.2206, ,30.0107,
353.3461, ,29.5513,
356.9241, ,29.0817,
357.9913, ,28.6118,
359.1212,12.766, ,
366.5283, ,28.1418,
367.5955, ,27.6716,
367.7838,11.7021, ,
369.2276, ,27.1902,
371.3618, ,26.7086,
375.5676, ,26.2268,
376.6975,10.6383, ,
383.6024, ,25.745,
384.1046, ,25.2504,
386.8038,9.5745,24.7557,
394.2738, ,24.2609,
398.4795, ,23.7661,
398.7306,8.5106, ,
405.4473, ,23.2565,
407.0166, ,22.7468,
410.7829, ,22.2371,
410.9712,7.4468, ,
413.9843, ,21.7273,
415.5536, ,21.1998,
416.0558, ,20.6724,
424.9067,6.383, ,
425.1578, ,20.1449,
427.7942, ,19.6175,
428.8614, ,19.0677,
431.5606, ,18.518,
434.8875, ,17.9685,
437.3984, ,17.419,
438.4656, ,16.8395,
441.667,5.3191, ,
442.1691, ,16.2602,
442.7341, ,15.681,
445.5588, ,15.1021,
450.204, ,14.4784,
452.8405, ,13.8549,
460.0593,4.2553, ,
460.3104, ,13.2317,
470.9817, ,12.6088,
478.075, ,11.9022,
479.456, ,11.1961,
480.5231, ,10.4904,
482.2807,3.1915, ,
484.2895, ,9.7853,
487.7419, ,9.0277,
490.1273, ,8.2708,
492.2616, ,7.5146,
493.8936, ,6.7591,
495.4629, ,6.6821,
498.7271, ,6.6052,
500.7986, ,6.5282,
511.3444,2.1277, ,
513.0392, ,6.4513,
516.8056, ,6.3743,
517.8727, ,6.2974,
520.4464, ,6.2205,
521.5763, ,6.1435,
522.6434, ,5.7591,
524.7777, ,5.3748,
527.4141, ,4.9908,
534.3819, ,4.607,
535.9512, ,4.5748,
538.0854, ,4.5427,
539.1526, ,4.5105,
540.2197, ,4.4784,
541.4124, ,4.472,
549.2589, ,4.4657,
549.6356,1.0638, ,
553.0253, ,4.4594,
554.0924, ,4.4531,
557.796, ,4.4526,
561.4996, ,4.4522,
562.0017, ,4.4518,
562.0645, ,4.4513,
562.5667, ,4.451,
564.701, ,4.4507,
565.7681, ,4.4504,
567.9024, ,4.4502,
574.3051, ,4.4499,
575.3723, ,4.4497,
578.0715, ,4.4494,
582.5911, ,4.4491,
588.68, ,4.4479,
591.3793, ,4.4466,
591.8814, ,4.4454,
598.2842, ,4.4441,
604.7498,0, ,
607.3235, ,4.4379,
608.3906,1.0638, ,
611.9686,2.1277, ,
612.6591, ,4.4316,
614.4167,3.1915, ,
615.4839, ,4.4254,
616.6138,4.2553, ,
618.4969,5.3191, ,
618.5597, ,4.4191,
621.5728,6.383, ,
623.2049,7.4468, ,
624.5859,8.5106, ,
625.4647, ,4.3879,
625.9041,9.5745, ,
627.1595,10.6383, ,
627.599, ,4.3569,
628.415,11.7021, ,
628.8544,10.6383, ,
628.9172, ,4.3259,
629.231,11.7021, ,
629.7332, ,4.2951,
630.4865,12.766, ,
631.5536,13.8298, ,
631.993,14.8936, ,
632.9346, ,4.1428,
633.2485,15.9574, ,
634.3156,17.0213, ,
634.755,18.0851, ,
636.701,19.1489, ,
637.0776,20.2128, ,
638.3958,21.2766, ,
638.7724,22.3404,3.9935,
639.9024,23.4043, ,
640.6556, ,3.8473,
641.2833,24.4681, ,
641.7228,25.5319, ,
642.5388, ,3.7039,
642.7899,26.5957, ,
643.2293,27.6596, ,
643.6687,28.7234, ,
644.1081, ,3.451,
645.4263,29.7872, ,
645.6774, ,3.2077,
645.803,30.8511, ,
646.2424,31.9149, ,
647.1212,32.9787, ,
647.5606,34.0426, ,
647.8745,32.9787, ,
648.3139,34.0426, ,
648.7533,35.1064, ,
649.4438, ,2.974,
649.7576,36.1702, ,
649.9459, ,2.7499,
650.197,37.234, ,
651.5153,38.2979, ,
651.9547,39.3617, ,
652.3941,40.4255, ,
652.8335,41.4894, ,
653.1473, ,2.5283,
654.4028,42.5532, ,
654.8422,43.617, ,
655.2816,44.6809, ,
655.721,45.7447, ,
656.0976,44.6809, ,
656.3487, ,2.3167,
656.5998,45.7447, ,
657.0392,46.8085, ,
657.4786,47.8723, ,
658.9224,48.9362, ,
659.3618,50, ,
659.7384,51.0638, ,
660.1151, ,2.115,
660.1779,52.1277, ,
660.5545,51.0638, ,
661.0567,52.1277, ,
661.4961,53.1915, ,
661.6844, ,1.9231,
661.9355,54.2553, ,
662.3121,55.3191, ,
662.7515,54.2553, ,
663.1909,55.3191, ,
663.5676,56.383, ,
664.007,57.4468, ,
665.1369, ,1.726,
665.5135,58.5106, ,
665.9529,59.5745, ,
666.3923,60.6383, ,
667.7105,61.7021, ,
668.15,62.766, ,
669.4054,63.8298, ,
669.6565, ,1.5402,
669.7193,64.8936, ,
670.7236, ,1.3655,
671.163,65.9574, ,
671.2886, ,1.2019,
671.4141,67.0213, ,
671.8535,67.0213, ,
672.7951,68.0851, ,
673.109,69.1489, ,
673.4228, ,1.0353,
673.5484,69.1489, ,
674.5527,70.2128, ,
675.0549,71.2766, ,
676.3104,72.3404, ,
677.3775,73.4043, ,
677.7541,74.4681, ,
678.1935,75.5319, ,
678.633,74.4681, ,
679.0096,75.5319, ,
679.449,76.5957, ,
679.9512,76.5957, ,
680.9555,77.6596, ,
682.211,78.7234, ,
682.4621, ,0.8817,
682.6504,79.7872, ,
683.5292, ,0.7409,
684.0942,80.8511, ,
685.4124,81.9149, ,
686.6678,82.9787, ,
687.9233,84.0426, ,
689.2415,85.1064, ,
689.6809,86.1702, ,
690.1203,85.1064, ,
690.4342, ,0.6128,
690.4969,86.1702, ,
692.0035,87.234, ,
692.3801,87.234, ,
693.6356,88.2979,0.4842,
695.2677, ,0.3712,
695.8326,89.3617, ,
696.272,89.3617, ,
697.3391,90.4255, ,
697.4019, ,0.2734,
697.9041, ,0.1908,
698.9085,90.4255, ,
699.2851,91.4894, ,
701.3566,92.5532, ,
701.7332,92.5532, ,
703.8675,93.617, ,
706.3784,94.6809, ,
706.8178,93.617, ,
706.9433, ,0.1134,
707.1944,94.6809, ,
708.5754, ,0.056,
710.0192,95.7447, ,
710.4586,94.6809, ,
710.898,95.7447, ,
713.9738,96.8085, ,
714.3505,95.7447, ,
714.7899,96.8085, ,
719.2467, ,0.0183,
719.7489, ,0,
719.8745,97.8723, ,
720.2511,96.8085, ,
720.565,97.8723, ,
721.8832, ,0.0045,
722.6364, ,0.0398,
723.5153, ,0.1053,
724.5824, ,0.2005,
727.2188,98.9362,0.3246,
727.5955,97.8723, ,
728.0349,98.9362, ,
729.8553, ,0.4772,
731.4874, ,0.658,
735.7559, ,0.8665,
738.3923, ,1.102,
739.2084, ,1.3643,
742.1587, ,1.6529,
744.0418,98.9362, ,
745.3601, ,1.9676,
747.4943,98.9362, ,
747.9965, ,2.2402,
748.5615,100, ,
749.0009,98.9362, ,
749.5031,100, ,
749.8797,98.9362, ,
750.9468,100, ,
751.1979, ,2.5293,
751.3862,98.9362, ,
751.7629,100, ,
752.2023,98.9362, ,
753.1439,100, ,
753.3322, ,2.8346,
753.5205,98.9362, ,
754.4621,100, ,
754.7759,98.9362, ,
755.2153,100, ,
755.4664, ,3.1561,
755.4664, ,3.4512,
756.0314,98.9362, ,
756.4708,100, ,
757.0357, ,3.7585,
757.3496,98.9362, ,
757.7262,100, ,
758.1656,98.9362, ,
758.6051,100, ,
759.735,100, ,
760.8021, ,4.0777,
763.4385, ,4.4088,
765.5728, ,4.7284,
765.5728, ,5.0581,
767.2049, ,5.3978,
769.2764, ,5.7474,
777.3112, ,6.0903,
778.3784, ,6.4421,
780.5126, ,6.8026,
782.6469, ,7.1719,
785.8483, ,7.5366,
786.8527, ,7.9093,
788.9869, ,8.2899,
794.3226, ,8.6783,
800.9765, ,9.0636,
802.8596, ,9.4561,
804.4917, ,9.8559,
806.626, ,10.2628,
807.6931, ,10.6675,
809.2624, ,11.0789,
809.7646, ,11.497,
817.2345, ,11.9217,
821.0009, ,12.3449,
827.9058, ,12.7743,
829.5379, ,13.21,
830.5423, ,13.6517,
831.6094, ,14.0926,
834.3086, ,14.5394,
842.2807, ,14.9918,
843.9128, ,15.45,
852.4499, ,15.9079,
854.0192, ,16.3712,
855.5885, ,16.8399,
857.7228, ,17.314,
863.6234, ,17.7881,
867.3269, ,18.2674,
868.3941, ,18.7517,
870.5283, ,19.241,
874.2319, ,19.7308,
877.9983, ,20.2254,
882.769, ,20.7248,
884.9032, ,21.2288,
888.6696, ,21.7336,
891.871, ,22.243,
893.4403, ,22.7568,
896.0767, ,23.2751,
898.211, ,23.7943,
899.2781, ,24.3178,
903.0445, ,24.8455,
903.9233, ,25.3774,
911.0166, ,25.9104,
912.0837,98.9362, ,
912.1465,100, ,
914.218, ,26.4474,
916.7289, ,26.9884,
917.4194, ,27.5333,
918.4865, ,28.0795,
920.0558, ,28.6294,
920.6207, ,29.1831,
921.6879, ,29.7404,
923.8221, ,30.299,
927.5257, ,30.8611,
930.0366, ,31.4268,
932.3592, ,31.9958,
933.9285, ,32.5661,
937.6321, ,33.1396,
941.3984, ,33.7164,
943.3444, ,34.2964,
945.102, ,34.3309,
948.3034, ,34.3653,
952.0697, ,34.3998,
952.5719, ,34.4343,
953.6391, ,34.4399,
955.7733, ,34.4456,
956.6521, ,34.4512,
958.9747, ,34.4568,
962.1761, ,34.4606,
964.3104, ,34.4643,
966.9468, ,34.4681,
973.3496, ,34.4718,
976.551, ,34.4756,
977.0532, ,34.4793,
978.1203, ,34.483,
980.2546, ,34.4868,
987.7245, ,34.4905,
991.4908, ,34.4943,
996.2616, ,34.4981,
998.3958, ,34.5019,
1003.1665, ,34.5209,
1006.9329, ,34.5398,
1009.0671, ,34.5588,
1010.6364, ,34.5777,
1012.2685, ,34.6725,
1014.4028, ,34.7672,
1014.905, ,34.8619,
1016.8509, ,34.9567,
1018.1064, ,35.0467,
1018.6085, ,35.1367,
1019.6757, ,35.2267,
1020.7428, ,35.3167,
1022.8771, ,35.7665,
1031.4141, ,36.2162,
1033.5484, ,36.6657,
1038.884, ,37.115,
1041.5205, ,37.7918,
1044.2197, ,38.4681,
1050.0575, ,39.1439,
1051.6896, ,39.8191,
1054.891, ,40.4526,
1058.0924, ,41.0856,
1060.1639, ,41.7181,
1061.796, ,42.35,
1062.8631, ,42.9462,
1065.4996, ,43.542,
1070.333, ,44.1372,
1074.0366, ,44.7318,
1074.6016, ,45.2899,
1076.7358, ,45.8474,
1080.4394, ,46.4045,
1081.5065, ,46.961,
1083.6408, ,47.4851,
1085.2101, ,48.0088,
1086.8422, ,48.532,
1087.721,98.9362, ,
1087.7838,100, ,
1090.5458, ,49.0546,
1092.1779, ,49.5571,
1093.245, ,50.059,
1096.4464, ,50.5604,
1099.0828, ,51.0613,
1102.7864, ,51.5642,
1104.9207, ,52.0666,
1108.1221, ,52.5684,
1110.8213, ,53.0696,
1115.592, ,53.6099,
1118.7934, ,54.1495,
1120.9276, ,54.6885,
1121.9948, ,55.2267,
1124.129, ,55.7669,
1125.1962, ,56.3064,
1126.2633, ,56.8451,
1134.8003, ,57.3831,
1140.136, ,57.9315,
1142.7724, ,58.479,
1145.4089, ,59.0257,
1149.1752, ,59.5716,
1151.8117, ,60.1372,
1152.3766, ,60.7019,
1156.0802, ,61.2657,
1159.2816, ,61.8286,
1161.4159, ,62.4212,
1163.5501, ,63.0127,
1166.7515, ,63.6032,
1172.0872, ,64.1926,
1172.5894, ,64.8214,
1175.7908, ,65.4489,
1180.0593, ,66.0752,
1181.6914, ,66.7002,
1183.7629, ,67.372,
1184.83, ,68.0423,
1185.8971, ,68.7111,
1186.9643, ,69.3783,
1188.0314, ,70.0942,
1190.7306, ,70.8083,
1193.367, ,71.5205,
1193.932, ,72.2309,
1197.1334, ,72.9831,
1198.7027, ,73.7331,
1199.5815, ,74.4809,
1200.3348, ,75.2266,
1202.469, ,76.0005,
1205.6077, ,76.7719,
1208.3069, ,77.5409,
1210.4412, ,78.3075,
1212.0105, ,78.6343,
1215.2119, ,78.9598,
1216.279, ,79.2826,
1220.0453, ,79.6021,
1222.1796, ,79.9183,
1225.8832, ,80.231,
1228.5196, ,80.5404,
1232.286, ,80.8464,
1237.0567, ,81.4045,
1237.0567, ,81.9514,
1240.823, ,82.4873,
1242.3923, ,83.0122,
1246.0959, ,83.5445,
1251.9965, ,84.0655,
1253.0636, ,84.5752,
1254.1308, ,85.0739,
1256.265, ,85.5968,
1257.3322, ,86.1074,
1261.0357, ,86.6059,
1261.0985,100, ,
1262.2912,100, ,
1263.5466,100, ,
1264.7393,98.9362, ,
1264.8021, ,87.0924,
1265.116,100, ,
1265.5554,98.9362, ,
1265.8065, ,87.6009,
1265.9948,100, ,
1266.8108,98.9362, ,
1267.2502,100, ,
1267.9407, ,88.0962,
1268.1918,98.9362, ,
1268.5684,100, ,
1268.9451,98.9362, ,
1270.0122,100, ,
1270.4516,98.9362, ,
1270.8282,100, ,
1271.7071,98.9362,88.5784,
1272.1465,100, ,
1272.5231,98.9362, ,
1272.7742, ,89.0478,
1273.2764, ,89.536,
1273.653,98.9362, ,
1275.4106, ,90.01,
1277.5449, ,90.4701,
1278.612, ,90.9166,
1281.3112, ,91.3753,
1284.2616, ,91.8192,
1286.5841, ,92.2486,
1291.4176, ,92.6638,
1295.1212, ,93.0814,
1297.8204, ,93.4842,
1301.0218, ,93.8724,
1302.0889, ,94.2464,
1304.2232, ,94.6127,
1308.9939, ,94.9647,
1312.6975, ,95.3028,
1314.3296, ,95.6271,
1316.0872,98.9362, ,
1316.2755, ,95.9373,
1317.4054,98.9362, ,
1318.6609,98.9362, ,
1319.9163,98.9362, ,
1321.0462,97.8723, ,
1321.3601,98.9362, ,
1321.6739, ,96.2343,
1322.3644,97.8723, ,
1322.8038,98.9362, ,
1323.2432,97.8723, ,
1323.3688, ,96.5184,
1324.2476,98.9362, ,
1324.4359, ,96.7898,
1324.7498,97.8723, ,
1325.6286,97.8723, ,
1326.5702, ,97.0454,
1329.2066, ,97.2889,
1331.9058, ,97.5208,
1333.4752, ,97.741,
1337.2415, ,97.9465,
1339.3758, ,98.1411,
1340.4429, ,98.3252,
1342.7655,96.8085, ,
1343.0793, ,98.4987,
1343.2049,97.8723, ,
1343.8954,96.8085, ,
1344.3348,97.8723, ,
1345.2764,96.8085, ,
1345.7158,97.8723, ,
1346.2807, ,98.6594,
1346.6574,96.8085, ,
1346.9712,97.8723, ,
1347.4734,96.8085, ,
1347.9128, ,98.8103,
1348.6661,96.8085, ,
1349.4821, ,98.9515,
1352.1186, ,99.0832,
1353.1857, ,99.2039,
1353.7507, ,99.3156,
1354.5667,95.7447, ,
1354.6295,96.8085, ,
1355.32, ,99.4184,
1359.5885, ,99.5124,
1360.8439,96.8085, ,
1362.0994,96.8085, ,
1362.2877, ,99.5969,
1363.3548,96.8085,99.6731,
1364.3592,95.7447, ,
1364.7986,96.8085, ,
1364.9241, ,99.741,
1365.4891, ,99.8008,
1365.6774,95.7447, ,
1366.1796,96.8085, ,
1366.5562,95.7447, ,
1367.6861,96.8085, ,
1368,95.7447, ,
1368.1255, ,99.8522,
1375.0305, ,99.8958,
1376.0976, ,99.9317,
1378.7969, ,99.96,
1379.864, ,99.9807,
1380.9311, ,99.994,
1381.6216,95.7447, ,
1382.9398,95.7447, ,
1384.1325,94.6809,100,
1384.5719,95.7447, ,
1385.3252,94.6809, ,
1385.7646,95.7447, ,
1386.4551,94.6809, ,
1387.3339,95.7447,99.9988,
1387.7105,94.6809, ,
1388.6521,94.6809, ,
1391.0375, ,99.9905,
1394.7411, ,99.9752,
1395.8082, ,99.9529,
1396.8753, ,99.9237,
1398.5074, ,99.8876,
1401.7088, ,99.8448,
1403.1526,94.6809, ,
1404.4708,93.617, ,
1404.9102,94.6809,99.7952,
1405.3496,93.617, ,
1406.4167,94.6809, ,
1406.7934,93.617, ,
1407.5466, ,99.739,
1409.6809, ,99.6759,
1411.8152, ,99.6061,
1414.4516,93.617, ,
1415.7071,92.5532, ,
1416.1465,93.617, ,
1416.5859,92.5532, ,
1417.7786,93.617, ,
1418.1552,92.5532, ,
1422.4865, ,99.5969,
1424.558,91.4894, ,
1424.6207,92.5532, ,
1425.7507,91.4894, ,
1426.0645,92.5532, ,
1427.0061,91.4894, ,
1428.3243, ,99.5124,
1433.3461,90.4255, ,
1433.5344,91.4894, ,
1434.6016,90.4255, ,
1434.9154,91.4894, ,
1435.9198,90.4255, ,
1436.7358,91.4894, ,
1437.1752,90.4255, ,
1437.3636, ,99.4184,
1442.3226,89.3617, ,
1442.5737,90.4255, ,
1443.7036,89.3617, ,
1444.143,90.4255, ,
1444.5196,89.3617, ,
1445.3984, ,99.3156,
1450.2319,88.2979, ,
1450.5458,89.3617, ,
1451.3618,88.2979, ,
1452.3034,89.3617, ,
1452.6173,88.2979, ,
1454.9398, ,99.2039,
1456.5719,87.234, ,
1456.9486,88.2979, ,
1457.0741, ,99.1121,
1457.8901,87.234, ,
1458.769,88.2979, ,
1459.2711,87.234, ,
1460.8405, ,98.999,
1462.9747, ,98.8794,
1463.2258,86.1702, ,
1463.4769,87.234, ,
1464.6068,86.1702, ,
1465.6112, ,98.7535,
1468.5615,85.1064, ,
1468.8126, ,98.724,
1469.0009,86.1702, ,
1469.9425,85.1064, ,
1470.4446, ,98.6942,
1470.884,86.1702, ,
1471.2607,85.1064, ,
1471.5118, ,98.6641,
1474.1482,85.1064, ,
1475.3409,84.0426, ,
1478.9189, ,98.6337,
1479.735,82.9787, ,
1480.0488,84.0426, ,
1480.551, ,98.603,
1481.0532,82.9787, ,
1483.7524, ,98.5719,
1483.8779,81.9149, ,
1484.2546,82.9787, ,
1485.3217,81.9149, ,
1488.272,80.8511, ,
1488.7114,81.9149, ,
1489.653,80.8511, ,
1489.9041, ,98.5405,
1491.7245, ,98.5088,
1492.5405,79.7872, ,
1493.6077,79.7872, ,
1495.3025,78.7234, ,
1495.7419,79.7872, ,
1496.9974,78.7234, ,
1499.6966, ,98.4709,
1500.0105,77.6596, ,
1501.8309, ,98.4325,
1502.3958, ,98.3937,
1502.898,76.5957, ,
1503.9651, ,98.3544,
1506.0994,75.5319, ,
1507.6687,74.4681, ,
1507.7315, ,98.2065,
1510.8073,73.4043, ,
1511.435, ,98.0526,
1512.4394,72.3404, ,
1515.1386, ,97.8929,
1515.6408,71.2766, ,
1517.2101,70.2128, ,
1518.7794,69.1489, ,
1520.5371,68.0851, ,
1521.0392, ,97.7272,
1521.5414, ,97.5586,
1522.4202,67.0213, ,
1523.1735, ,97.3843,
1524.2406,65.9574, ,
1524.7428, ,97.2044,
1525.8099,64.8936, ,
1527.6931,63.8298, ,
1527.9442, ,97.0191,
1529.6391,62.766, ,
1531.3967,61.7021, ,
1533.2799,60.6383,96.8271,
1535.163,59.5745, ,
1535.4141, ,96.6297,
1536.9834, ,96.4267,
1537.0462,58.5106, ,
1538.9922,57.4468, ,
1540.1848, ,96.2184,
1540.9381,56.383, ,
1543.0096,55.3191, ,
1545.3322,54.2553, ,
1545.5205, ,96.002,
1546.3365, ,95.7801,
1547.4664,53.1915, ,
1547.6548, ,95.5527,
1549.6635,52.1277, ,
1550.354, ,95.3199,
1552.0488,51.0638, ,
1553.5554, ,95.0771,
1554.3714,50, ,
1556.6312,48.9362, ,
1558.891,47.8723, ,
1560.9625, ,94.8286,
1561.4647,46.8085, ,
1562.5946, ,94.5747,
1563.0968, ,94.3152,
1563.9756,45.7447, ,
1566.5493,44.6809, ,
1569.0602,43.617, ,
1570.5667, ,94.043,
1571.7594,42.5532, ,
1572.701, ,93.765,
1574.5841,41.4894, ,
1577.4089,40.4255, ,
1577.4717, ,93.4813,
1578.0366, ,93.192,
1580.1709,39.3617, ,
1581.7402, ,92.9002,
1583.2467,38.2979, ,
1584.4394, ,92.6029,
1586.0087, ,92.3001,
1586.2598,37.234, ,
1587.6408, ,91.992,
1588.7079, ,91.7018,
1589.4612,36.1702, ,
1592.4115, ,91.407,
1592.5998,35.1064, ,
1594.0436, ,91.1077,
1595.8012,34.0426, ,
1597.7472, ,90.8039,
1599.3165,32.9787, ,
1601.4507, ,90.5121,
1602.8317,31.9149, ,
1604.15, ,90.2163,
1606.5353,30.8511, ,
1607.728, ,89.9166,
1610.4272,29.7872, ,
1611.0549, ,89.6129,
1614.068,28.7234, ,
1614.8213, ,89.3177,
1618.0227,27.6596, ,
1618.5248, ,89.019,
1619.592, ,88.7166,
1622.1656,26.5957, ,
1622.2284, ,88.4108,
1625.4298, ,88.1114,
1626.6225,25.5319, ,
1627.0619, ,87.8088,
1629.1962, ,87.5028,
1630.2633, ,87.1937,
1631.0166,24.4681, ,
1632.8997, ,86.8897,
1633.4647, ,86.5827,
1635.6617,23.4043, ,
1636.6661, ,86.2727,
1637.7332, ,85.9597,
1639.8047, ,85.651,
1640.4324,22.3404, ,
1640.8718, ,85.3394,
1643.0061, ,85.0251,
1645.3915,21.2766, ,
1646.2075, ,84.7079,
1647.2746, ,84.3944,
1650.7899,20.2128, ,
1653.6774, ,84.0781,
1656.3139,19.1489, ,
1656.3766, ,83.7593,
1659.578, ,83.4378,
1662.5283,18.0851, ,
1664.3487, ,83.1195,
1666.9852, ,82.7986,
1667.5501, ,82.4753,
1668.0523, ,82.1494,
1668.7428,17.0213, ,
1669.1194, ,81.8263,
1671.2537, ,81.5008,
1671.8187, ,81.173,
1675.1456,15.9574, ,
1676.0872, ,80.8428,
1678.2214, ,80.515,
1682.4272,14.8936, ,
1689.3949, ,80.1849,
1690.0854,13.8298, ,
1693.0985, ,79.8526,
1695.2328, ,79.5181,
1697.367, ,79.1856,
1698.4342,12.766, ,
1698.9991, ,78.851,
1700.5684, ,78.5143,
1702.1378, ,78.1755,
1704.837, ,77.8385,
1706.5946,11.7021, ,
1710.1726, ,77.4994,
1712.3069, ,77.1584,
1715.5083, ,76.8153,
1716.0105,10.6383,76.4737,
1719.7768, ,76.1302,
1722.9154, ,75.7848,
1723.857, ,75.4374,
1726.1168,9.5745, ,
1726.6818, ,75.0912,
1730.3854, ,74.7432,
1734.1517, ,74.3933,
1736.7881, ,74.0417,
1737.667,8.5106, ,
1737.8553, ,73.6907,
1739.9895, ,73.338,
1741.3078, ,72.9835,
1744.7602, ,72.6274,
1746.3923, ,72.2713,
1749.5937, ,71.9136,
1750.1587,7.4468, ,
1752.2302, ,71.5542,
1757.0636, ,71.1932,
1758.1308, ,70.8315,
1758.633, ,70.4682,
1761.3322, ,70.1032,
1763.4664, ,69.7368,
1763.7175,6.383, ,
1767.17, ,69.3683,
1776.7742, ,68.9983,
1779.4106, ,68.6268,
1780.0384,5.3191, ,
1782.612, ,68.2538,
1784.2441, ,67.8768,
1784.7463, ,67.4984,
1786.8806, ,67.1184,
1790.082, ,66.737,
1793.2833, ,66.3484,
1796.4847, ,65.9583,
1799.2467,4.2553, ,
1799.435,4.2553, ,
1799.6861, ,65.5667,
