Time (min),CLK/CYC_ODE,CYC/CLK_ANIMO,
0,99.3635,32.2222,
4.6452, ,33.3333,
5.0846, ,32.2222,
6.0262, ,32.2222,
7.2816, ,33.3333,
9.7925, ,33.3333,
10.6713, ,34.4444,
10.8596, ,33.3333,
11.299, ,34.4444,
12.5545, ,33.3333,
12.8684, ,34.4444,
13.3078, ,33.3333,
13.7472, ,34.4444,
14.1866, ,35.5556,
14.626, ,34.4444,
15.6931, ,34.4444,
17.1997, ,35.5556,
21.0288, ,36.6667,
22.4098, ,36.6667,
23.4141,99.4711, ,
23.5397, ,35.5556,
23.9163, ,36.6667,
24.2929, ,37.7778,
24.7323, ,36.6667,
25.1718, ,37.7778,
25.5484,99.5701, ,
26.1133, ,36.6667,
27.0549, ,36.6667,
27.4943, ,37.7778,
31.1979, ,38.8889,
35.3409, ,40,
35.7803, ,38.8889,
36.408, ,40,
37.4124, ,38.8889,
37.789, ,41.1111,
38.2284, ,40,
38.9189,99.6603, ,
41.6809, ,41.1111,
42.0575, ,41.1111,
42.6225,99.7409, ,
44.8823, ,42.2222,
46.2005, ,42.2222,
47.5815, ,42.2222,
47.9582,99.8147, ,
48.3976, ,42.2222,
49.4647, ,43.3333,
49.7158, ,42.2222,
50.5946,99.8769, ,
50.7829, ,43.3333,
51.2223, ,42.2222,
51.5362, ,43.3333,
51.9128, ,44.4444,
52.3522, ,43.3333,
53.796,99.927, ,
54.9887, ,44.4444,
58.8178, ,45.5556,
60.7637,99.9644, ,
62.2703, ,46.6667,
62.7097, ,45.5556,
63.0235, ,46.6667,
63.9024,99.9899, ,
64.4045, ,46.6667,
66.1622, ,47.7778,
66.6016, ,46.6667,
67.1037,100, ,
67.6059, ,47.7778,
67.857, ,46.6667,
69.0497, ,47.7778,
70.8701,99.9946, ,
71.435, ,47.7778,
72.565, ,48.8889,
75.2014, ,47.7778,
75.578, ,50,
76.7707, ,48.8889,
77.1473, ,50,
77.5867, ,48.8889,
78.8422, ,48.8889,
79.0305, ,50,
79.9093,99.9735, ,
80.0976, ,48.8889,
80.9765,99.94, ,
82.0436,99.8933, ,
82.8596, ,50,
86.3121, ,51.1111,
86.5632, ,50,
86.8771, ,51.1111,
88.1953, ,51.1111,
89.3252, ,51.1111,
89.5135,99.8337, ,
89.7018, ,52.2222,
90.3923, ,51.1111,
91.0828,99.7614, ,
91.4595, ,52.2222,
91.4595, ,51.1111,
92.8405, ,52.2222,
94.8492,99.6777, ,
96.6696, ,53.3333,
99.306, ,52.2222,
99.6199, ,54.4444,
100.6242, ,53.3333,
100.8126, ,54.4444,
101.8169, ,53.3333,
102.1935, ,54.4444,
102.3191,99.5826, ,
103.9512, ,54.4444,
104.9555,99.4765, ,
106.7132, ,55.5556,
107.592,99.36, ,
110.354, ,55.5556,
110.7934, ,56.6667,
111.3583,99.2497, ,
113.2415, ,55.5556,
113.7437, ,57.7778,
114.1831, ,56.6667,
115.0619,99.1323, ,
115.1874, ,57.7778,
115.5013, ,56.6667,
116.6312, ,57.7778,
117.1962,99.0081, ,
117.9494, ,57.7778,
118.8282,98.8773, ,
119.2677, ,57.7778,
120.7114, ,58.8889,
122.5318,98.7512, ,
124.1011, ,60,
124.415, ,58.8889,
124.7289, ,60,
125.9843, ,60,
127.8675,98.62,61.1111,
128.3069, ,60,
129.1857, ,61.1111,
129.6251, ,60,
130.5667, ,62.2222,
130.9433, ,61.1111,
131.5711,98.484, ,
131.9477, ,61.1111,
134.2703,98.3435, ,
134.3958, ,63.3333,
134.5214, ,62.2222,
137.5972, ,63.3333,
142.619, ,62.2222,
142.9956, ,63.3333,
143.3723, ,62.2222,
143.8745,98.2037, ,
144.565, ,63.3333,
147.578,98.0601, ,
148.2058, ,63.3333,
148.3941, ,64.4444,
149.7751, ,64.4444,
151.0933, ,63.3333,
151.4699, ,65.5556,
151.9093, ,64.4444,
153.0392, ,64.4444,
154.2319, ,64.4444,
154.6713, ,65.5556,
156.1151,97.9127, ,
158.4377, ,66.6667,
159.8187,97.7617, ,
161.0113, ,66.6667,
161.8901, ,66.6667,
161.9529,97.6092, ,
162.8317, ,67.7778,
163.0828, ,66.6667,
164.2127, ,67.7778,
164.7149, ,66.6667,
164.966, ,67.7778,
165.3426, ,68.8889,
165.7193, ,67.7778,
166.2214,97.4534, ,
168.3557, ,68.8889,
170.8038, ,68.8889,
172.6242,97.2946,70,
173.0636, ,68.8889,
174.0052, ,68.8889,
175.449, ,70,
175.8256,97.1326, ,
179.1526, ,70,
179.4664, ,71.1111,
182.1029, ,72.2222,
182.7306,96.9677, ,
183.4211, ,72.2222,
183.7977,96.8, ,
184.6138, ,71.1111,
184.8649, ,72.2222,
186.4969,96.6294, ,
186.6225, ,72.2222,
187.5013,96.4561, ,
189.4473, ,73.3333,
190.3888, ,73.3333,
193.4647, ,74.4444,
194.3435, ,73.3333,
194.7201, ,74.4444,
195.0968, ,73.3333,
195.4734, ,72.2222,
195.85, ,73.3333,
196.2267, ,74.4444,
196.6033, ,73.3333,
197.1055,96.2788, ,
197.8588, ,73.3333,
199.6792, ,74.4444,
200.3069,96.0989, ,
203.1316, ,75.5556,
203.5083,95.9163, ,
205.1404,95.7313, ,
205.7681, ,75.5556,
206.2075, ,76.6667,
206.7097, ,75.5556,
207.2746,95.5413, ,
207.5885, ,76.6667,
207.9651, ,75.5556,
208.9695, ,75.5556,
210.0366, ,77.7778,
210.3505, ,76.6667,
210.9782,95.3489, ,
213.4263, ,77.7778,
213.803, ,76.6667,
214.1796, ,77.7778,
215.3723, ,76.6667,
215.8117, ,77.7778,
216.1883, ,76.6667,
216.565, ,77.7778,
217.0044, ,78.8889,
217.381, ,77.7778,
218.4481,95.154, ,
220.2058, ,78.8889,
222.5911, ,78.8889,
223.7838,94.9566, ,
224.3487, ,80,
224.7254, ,78.8889,
225.8553, ,78.8889,
226.4202,94.7537, ,
227.2363, ,80,
227.4874,94.5484, ,
230.1238,94.3406, ,
230.626, ,81.1111,
231.0026, ,81.1111,
232.3836, ,81.1111,
233.5763, ,80,
233.8274, ,82.2222,
234.3923,94.1305, ,
234.8317, ,81.1111,
235.2711, ,82.2222,
235.585, ,81.1111,
236.5266,93.9142, ,
237.4682, ,82.2222,
239.728,93.6955, ,
240.7951, ,83.3333,
242.0506, ,82.2222,
242.49, ,83.3333,
242.8666, ,81.1111,
243.4316,93.4744, ,
244.0593, ,82.2222,
247.7629, ,83.3333,
248.83,93.2509, ,
250.3993,93.0209, ,
250.5876, ,83.3333,
251.027, ,84.4444,
251.4664, ,83.3333,
252.408, ,84.4444,
252.9102, ,83.3333,
253.6635,92.7884, ,
253.8518, ,84.4444,
254.2912, ,84.4444,
257.932, ,85.5556,
260.3801, ,85.5556,
261.0706,92.5534, ,
262.2633, ,86.6667,
262.7027, ,85.5556,
263.7071,92.316, ,
265.0253, ,86.6667,
266.4063,92.0716, ,
268.415, ,87.7778,
269.6077,91.8248, ,
271.4281, ,87.7778,
271.6792,91.5754, ,
271.9303, ,88.8889,
272.3697, ,87.7778,
275.32, ,88.8889,
275.7594, ,88.8889,
279.0235, ,90,
279.4629, ,88.8889,
281.8483, ,90,
284.1081, ,88.8889,
284.1709,91.3235, ,
284.4847, ,90,
284.9241, ,88.8889,
285.4263, ,90,
285.7402, ,91.1111,
286.1168, ,90,
287.3095, ,88.8889,
288.7533, ,90,
289.3182,91.0643, ,
290.8875,90.8025, ,
291.1386, ,88.8889,
291.4525, ,90,
291.8291, ,88.8889,
291.9547,90.5382, ,
292.2058, ,90,
292.6452, ,91.1111,
293.0218,90.2713,90,
294.34,89.9967, ,
295.6582,89.7194, ,
295.721, ,91.1111,
297.9808, ,90,
298.4202, ,91.1111,
298.7969, ,90,
299.1107, ,91.1111,
299.4246,89.4395, ,
299.6129, ,92.2222,
300.0523, ,91.1111,
302.5632, ,92.2222,
303.8187, ,92.2222,
304.7602,89.1569, ,
304.9486, ,91.1111,
305.3252, ,92.2222,
305.7646, ,91.1111,
306.204, ,92.2222,
306.6434, ,93.3333,
307.0828, ,92.2222,
309.5937, ,93.3333,
310.7864, ,93.3333,
311.7908, ,92.2222,
312.1674, ,93.3333,
312.6068, ,92.2222,
313.109, ,93.3333,
313.2345,88.8662, ,
316.3731, ,94.4444,
316.4359,88.5728, ,
317.5031, ,93.3333,
317.8169, ,94.4444,
318.8213, ,93.3333,
319.1979, ,94.4444,
320.2023,88.2766, ,
321.2694,87.9777, ,
323.4037, ,95.5556,
324.5336, ,94.4444,
324.8474, ,95.5556,
324.973,87.6702, ,
325.2868, ,94.4444,
326.0401,87.3599, ,
326.6051, ,95.5556,
329.116, ,94.4444,
330.8108, ,95.5556,
331.1874, ,94.4444,
332.1918, ,94.4444,
333.5728, ,95.5556,
335.9582, ,95.5556,
336.7114,87.0467, ,
337.7786,86.7307,96.6667,
338.218, ,95.5556,
339.9128,86.4056, ,
340.5405, ,96.6667,
342.7376, ,95.5556,
343.1142, ,96.6667,
343.4908, ,95.5556,
343.5536,86.0775, ,
343.9303, ,96.6667,
344.3697, ,97.7778,
344.8091, ,96.6667,
346.8178,85.7464, ,
347.4455, ,97.7778,
347.8849, ,96.6667,
348.952,85.4124, ,
349.517,85.0686, ,
350.9608, ,97.7778,
351.4002, ,97.7778,
352.1534,84.7217, ,
352.5301, ,96.6667,
352.9695, ,97.7778,
353.2206,84.3717, ,
353.3461,84.0187, ,
353.4089, ,96.6667,
354.2877, ,97.7778,
356.8614, ,96.6667,
356.9241,83.6549, ,
357.3008, ,97.7778,
357.9913,83.2879, ,
361.1927, ,98.8889,
362.197, ,97.7778,
362.5737, ,98.8889,
363.0131, ,97.7778,
364.3313, ,98.8889,
366.5283,82.9177, ,
366.5911, ,97.7778,
367.0305, ,98.8889,
367.4699, ,97.7778,
367.5955,82.5444, ,
367.9093, ,98.8889,
369.2276,82.159, ,
369.4159, ,96.6667,
369.8553, ,97.7778,
370.8596, ,96.6667,
371.299, ,98.8889,
371.3618,81.7704, ,
371.6757, ,97.7778,
374.8143, ,97.7778,
375.1909, ,98.8889,
375.5676,81.3785, ,
376.3208, ,97.7778,
376.6975, ,98.8889,
377.0113, ,97.7778,
378.0157, ,96.6667,
378.3296, ,98.8889,
380.401, ,97.7778,
380.8405, ,98.8889,
381.2799, ,97.7778,
381.7193, ,98.8889,
382.1587, ,98.8889,
383.5397, ,97.7778,
383.6024,80.9833, ,
383.8535, ,98.8889,
384.1046,80.5744, ,
384.2302, ,97.7778,
385.2973, ,98.8889,
386.8038,80.1621, ,
387.5571, ,97.7778,
387.9965, ,98.8889,
388.3104, ,98.8889,
391.7001, ,98.8889,
392.0139, ,100,
392.4534, ,98.8889,
394.2738,79.7464, ,
398.4795,79.3273, ,
399.2956, ,100,
399.6094, ,98.8889,
402.4969, ,98.8889,
405.4473,78.8923, ,
406.3888, ,100,
406.7655, ,98.8889,
407.0166,78.4537, ,
409.7786, ,97.7778,
410.218, ,98.8889,
410.7201, ,97.7778,
410.7829,78.0116, ,
413.9843,77.566, ,
415.5536,77.1012, ,
415.6792, ,96.6667,
416.0558,76.6327,98.8889,
416.4952, ,97.7778,
418.5039, ,96.6667,
418.9433, ,97.7778,
421.3915, ,97.7778,
422.333, ,96.6667,
422.7724, ,98.8889,
423.2119, ,97.7778,
425.0323, ,96.6667,
425.1578,76.1605, ,
426.5388, ,97.7778,
426.9782, ,97.7778,
427.7942,75.6846, ,
427.9198, ,96.6667,
428.3592, ,96.6667,
428.8614,75.1848, ,
431.5606,74.681, ,
432.3766, ,95.5556,
432.816, ,96.6667,
434.8875,74.1734, ,
435.2014, ,95.5556,
435.6408, ,96.6667,
436.0802, ,95.5556,
436.5196, ,96.6667,
437.3984,73.662, ,
438.0889, ,95.5556,
438.4656,73.1184, ,
438.5911, ,96.6667,
438.9677, ,95.5556,
439.9721, ,96.6667,
440.4115, ,95.5556,
442.1691,72.5707, ,
442.7341,72.0189, ,
445.1822, ,95.5556,
445.5588,71.463, ,
445.6216, ,94.4444,
446.6888, ,95.5556,
447.8814, ,94.4444,
448.3208, ,94.4444,
450.204,70.8595, ,
451.2084, ,93.3333,
452.8405,70.2514, ,
453.1543, ,92.2222,
453.5937, ,94.4444,
454.0331, ,93.3333,
454.9747, ,93.3333,
455.4141, ,92.2222,
459.1177, ,91.1111,
459.5571, ,91.1111,
460.3104,69.6388, ,
460.8753, ,92.2222,
461.3147, ,91.1111,
465.8971, ,90,
466.3365, ,90,
467.592, ,91.1111,
468.0314, ,90,
470.1029, ,88.8889,
470.9817,69.0218, ,
471.2328, ,90,
471.6722, ,88.8889,
472.0488, ,90,
472.4882, ,88.8889,
474.1831, ,88.8889,
474.6225, ,88.8889,
475.8779, ,87.7778,
476.3173, ,87.7778,
477.9494, ,87.7778,
478.075,68.3162, ,
479.456,67.6052, ,
480.0209, ,86.6667,
480.5231,66.8889, ,
483.85, ,85.5556,
484.1639, ,84.4444,
484.2895,66.1674, ,
484.6033, ,86.6667,
485.1055, ,85.5556,
486.9259, ,84.4444,
487.7419,65.3861, ,
490.0017, ,84.4444,
490.1273,64.5991, ,
490.4412, ,83.3333,
491.5083, ,84.4444,
491.9477, ,83.3333,
492.2616,63.8066, ,
493.7681, ,82.2222,
493.8936,63.0089, ,
494.2075, ,82.2222,
495.4629,62.9273, ,
496.8439, ,81.1111,
498.3505, ,82.2222,
498.7271,62.8456, ,
498.8527, ,81.1111,
499.9198, ,80,
500.2964, ,78.8889,
500.7986,62.7639, ,
503.6861, ,77.7778,
506.762, ,77.7778,
507.2014, ,76.6667,
510.5911, ,75.5556,
513.0392,62.6821, ,
513.667, ,74.4444,
515.1735, ,74.4444,
515.4874, ,74.4444,
516.8056,62.6003, ,
517.4333, ,73.3333,
517.8727,62.5184,72.2222,
518.3121, ,73.3333,
518.5632, ,72.2222,
518.9398, ,73.3333,
519.3793, ,73.3333,
520.3836, ,72.2222,
520.4464,62.4365, ,
521.5763,62.3545, ,
521.6391, ,71.1111,
522.5179, ,72.2222,
522.6434,61.9438, ,
523.3967, ,71.1111,
524.7777,61.5319, ,
524.966, ,71.1111,
525.4054, ,70,
525.8448, ,71.1111,
526.2214, ,70,
526.7236, ,71.1111,
527.1003, ,70,
527.4141,61.1188, ,
527.5397, ,68.8889,
527.9163, ,70,
528.2929, ,68.8889,
529.2973, ,70,
529.7367, ,68.8889,
531.4316, ,67.7778,
531.871, ,66.6667,
532.3104, ,67.7778,
534.3819,60.7045, ,
534.4446, ,66.6667,
535.8256, ,65.5556,
535.9512,60.6697, ,
536.3278, ,66.6667,
537.3949, ,65.5556,
538.0854,60.6349, ,
538.8387, ,64.4444,
539.1526,60.6001, ,
540.2197,60.5653, ,
541.4124,60.5585, ,
541.5379, ,63.3333,
541.9146, ,63.3333,
542.9189, ,63.3333,
543.2956, ,63.3333,
544.3627, ,62.2222,
544.6765, ,62.2222,
545.8692, ,61.1111,
546.8108, ,61.1111,
548.3801, ,60,
549.2589,60.5516, ,
549.8239, ,60,
550.2005, ,60,
550.6399, ,58.8889,
551.5815, ,58.8889,
552.0209, ,57.7778,
552.9625, ,57.7778,
553.0253,60.5448, ,
554.0924,60.5379, ,
554.3435, ,57.7778,
554.7829, ,56.6667,
555.6617, ,55.5556,
557.796,60.5374, ,
558.1099, ,54.4444,
558.5493, ,54.4444,
559.4908, ,53.3333,
559.9303, ,52.2222,
560.3697, ,53.3333,
561.4996,60.537, ,
561.7507, ,52.2222,
562.0017,60.5365, ,
562.0645,60.5361, ,
562.5667,60.5357,51.1111,
564.701,60.5353, ,
565.2659, ,50,
565.5798, ,50,
565.7681,60.535, ,
566.4586, ,48.8889,
566.898, ,47.7778,
567.3374, ,48.8889,
567.9024,60.5346, ,
568.7812, ,47.7778,
569.66, ,46.6667,
572.1709, ,45.5556,
572.5475, ,45.5556,
573.4263, ,44.4444,
573.8657, ,44.4444,
574.3051,60.5342,45.5556,
574.7446, ,44.4444,
575.184, ,43.3333,
575.3723,60.5339, ,
575.6234, ,43.3333,
576.6905, ,42.2222,
578.0715,60.5335, ,
579.2642, ,41.1111,
579.578, ,41.1111,
580.4568, ,40,
581.3357, ,40,
582.4028, ,40,
582.5911,60.5332, ,
582.7794, ,38.8889,
583.721, ,37.7778,
584.1604, ,38.8889,
584.5998, ,37.7778,
585.9808, ,36.6667,
586.4202, ,35.5556,
586.9224, ,36.6667,
587.2363, ,35.5556,
587.6757, ,36.6667,
588.68,60.5314,35.5556,
589.1194, ,34.4444,
589.5588, ,35.5556,
589.9355, ,34.4444,
590.3749, ,33.3333,
590.8143, ,34.4444,
591.3793,60.5295, ,
591.8814,60.5277, ,
592.007, ,33.3333,
593.2624, ,32.2222,
593.5763, ,32.2222,
594.4551, ,32.2222,
594.8317, ,31.1111,
595.2711, ,32.2222,
595.5222, ,31.1111,
596.0244, ,30,
596.401, ,31.1111,
596.7777, ,30,
597.6565, ,28.8889,
598.0959, ,30,
598.2842,60.5259, ,
598.5353, ,28.8889,
599.9791, ,27.7778,
600.4185, ,26.6667,
600.9207, ,27.7778,
601.3601, ,27.7778,
601.7367, ,26.6667,
602.1133, ,27.7778,
602.49, ,26.6667,
603.3688, ,26.6667,
603.8082, ,25.5556,
604.2476, ,24.4444,
605.1264, ,25.5556,
605.5658, ,24.4444,
607.1979, ,23.3333,
607.3235,60.5169, ,
609.7716, ,22.2222,
610.1482, ,21.1111,
610.5876, ,22.2222,
610.8387, ,21.1111,
611.2781, ,20,
611.6548, ,21.1111,
612.6591,60.5079, ,
612.8474, ,20,
614.2284, ,18.8889,
615.4839,60.4988, ,
616.6138, ,17.7778,
616.9904, ,16.6667,
617.367, ,17.7778,
617.7437, ,16.6667,
618.5597,60.4898, ,
619.8779, ,15.5556,
621.0078, ,14.4444,
621.3845, ,13.3333,
621.7611, ,13.3333,
622.2005, ,14.4444,
622.6399, ,13.3333,
624.0837, ,12.2222,
624.3976, ,12.2222,
624.7742, ,11.1111,
625.4647,60.4446, ,
625.7786, ,12.2222,
626.0924, ,11.1111,
626.469, ,10,
627.599,60.3994, ,
628.0384, ,8.8889,
628.5405, ,7.7778,
628.8544, ,8.8889,
628.9172,60.3542, ,
629.6704, ,7.7778,
629.7332,60.3089, ,
630.9259, ,6.6667,
631.3653, ,6.6667,
631.7419, ,5.5556,
632.9346,60.0825, ,
633.8762, ,4.4444,
635.2572, ,3.3333,
635.5711, ,3.3333,
636.0105, ,4.4444,
636.3243, ,3.3333,
636.701, ,2.2222,
637.0776, ,3.3333,
637.4542, ,2.2222,
638.7724,59.8558,1.1111,
639.2119, ,2.2222,
639.4629, ,1.1111,
639.9024, ,1.1111,
640.6556,59.6287, ,
640.9695, ,0,
641.4089, ,1.1111,
641.7855, ,0,
642.5388,59.4014, ,
643.041, ,1.1111,
643.9826, ,1.1111,
644.1081,58.9872, ,
644.3592, ,0,
645.6774,58.572, ,
645.803, ,0,
646.2424, ,1.1111,
646.6818, ,0,
648.6277, ,1.1111,
648.9416, ,0,
649.4438,58.1558, ,
649.8832, ,1.1111,
649.9459,57.7387, ,
650.8248, ,0,
652.8335, ,1.1111,
653.1473,57.3069, ,
654.6539, ,0,
656.3487,56.8742, ,
656.7881, ,1.1111,
657.8553, ,0,
659.7384, ,2.2222,
660.1151,56.4406, ,
660.1779, ,1.1111,
660.5545, ,0,
661.0567, ,1.1111,
661.4961, ,0,
661.6844,56.0061, ,
663.5676, ,2.2222,
664.007, ,1.1111,
664.3836, ,0,
665.1369,55.5342, ,
666.8317, ,2.2222,
667.2711, ,1.1111,
667.7105, ,0,
668.15, ,1.1111,
668.5266, ,0,
669.6565,55.0614, ,
670.7236,54.5877, ,
671.2886,54.113, ,
673.4228,53.5926, ,
673.7367, ,2.2222,
674.1761, ,1.1111,
674.5527, ,0,
675.0549, ,1.1111,
675.4943, ,0,
680.7672, ,2.2222,
681.2066, ,1.1111,
681.5833, ,0,
682.0227, ,1.1111,
682.4621,53.0713,0,
683.5292,52.5491, ,
687.5466, ,1.1111,
687.9861, ,0,
689.2415, ,0,
690.4342,52.026, ,
690.4969, ,0,
690.9364, ,1.1111,
691.3758, ,0,
691.7524, ,0,
693.6356,51.4399, ,
694.5772, ,1.1111,
694.9538, ,0,
695.2677,50.8529, ,
696.2092, ,0,
697.4019,50.2651, ,
697.5902, ,1.1111,
697.9041,49.6766, ,
698.5946, ,1.1111,
699.034, ,0,
701.4194, ,1.1111,
702.3609, ,0,
702.7376, ,1.1111,
703.2398, ,0,
704.6207, ,1.1111,
705.5623, ,1.1111,
706.0017, ,0,
706.9433,48.9905, ,
708.3243, ,0,
708.5754,48.3038, ,
708.7637, ,1.1111,
709.2031, ,0,
710.2075, ,0,
711.5885, ,1.1111,
712.5929, ,1.1111,
712.9067, ,0,
715.1037, ,1.1111,
716.3592, ,0,
716.8614, ,1.1111,
717.238, ,0,
718.5562, ,1.1111,
719.2467,47.6164, ,
719.5606, ,1.1111,
719.7489,46.9286, ,
720, ,0,
721.8832,46.0504, ,
722.6364,45.1719, ,
722.762, ,1.1111,
723.1386, ,0,
723.5153,44.2935, ,
724.2058, ,0,
724.5824,43.4155, ,
725.4612, ,1.1111,
726.5911, ,1.1111,
726.9677, ,0,
727.2188,42.5407, ,
729.7297, ,1.1111,
729.8553,41.6669, ,
730.1691, ,0,
731.2363, ,0,
731.4874,40.7942, ,
732.3034, ,2.2222,
732.68, ,1.1111,
733.1194, ,0,
733.5588, ,1.1111,
733.9355, ,0,
735.3793, ,1.1111,
735.7559,39.923, ,
735.8187, ,0,
736.823, ,1.1111,
737.1369, ,0,
738.204, ,0,
738.3923,39.0547, ,
739.2084,38.1883,1.1111,
739.6478, ,0,
742.1587,37.3243, ,
742.2842, ,1.1111,
743.2886, ,0,
745.3601,36.4628, ,
747.9965,35.7697, ,
749.3775, ,1.1111,
749.6914, ,0,
750.7585, ,1.1111,
751.1351, ,0,
751.1979,35.0786, ,
752.2023, ,0,
752.6417, ,1.1111,
753.0183, ,0,
753.3322,34.3896, ,
753.4577, ,0,
755.4664,33.7029, ,
755.4664,33.1023, ,
756.3452, ,1.1111,
756.6591, ,0,
757.0357,32.5036, ,
757.7262, ,1.1111,
758.1656, ,0,
759.2328, ,0,
759.6722, ,1.1111,
760.0488, ,0,
760.4882, ,0,
760.8021,31.907, ,
763.2502, ,1.1111,
763.4385,31.3125, ,
764.3173, ,0,
765.5728,30.7597, ,
765.5728,30.209, ,
766.6399, ,0,
767.2049,29.6603, ,
769.2764,29.1137, ,
770.0296, ,2.2222,
770.0296, ,1.1111,
771.0968, ,0,
771.4734, ,1.1111,
771.9128, ,0,
773.231, ,2.2222,
773.6704, ,1.1111,
774.0471, ,0,
774.4865, ,1.1111,
774.9259, ,0,
775.9303, ,1.1111,
776.3697, ,0,
777.3112,28.5942, ,
777.4368, ,1.1111,
777.8762, ,0,
778.3784,28.0767, ,
778.8178, ,1.1111,
779.2572, ,0,
780.1988, ,2.2222,
780.5126,27.5613, ,
780.6382, ,1.1111,
781.0148, ,0,
781.4542, ,1.1111,
781.9564, ,0,
782.6469,27.0481, ,
782.9608, ,1.1111,
783.4002, ,0,
784.4045, ,1.1111,
784.8439, ,0,
785.7228, ,1.1111,
785.8483,26.5548, ,
786.0994, ,0,
786.8527,26.0636, ,
787.2293, ,2.2222,
787.6687, ,1.1111,
788.0453, ,0,
788.4847, ,1.1111,
788.9241, ,0,
788.9869,25.5746, ,
789.9285, ,1.1111,
791.8745, ,0,
792.816, ,1.1111,
793.1927, ,0,
794.197, ,2.2222,
794.3226,25.0878, ,
794.6364, ,1.1111,
795.0759, ,0,
795.4525, ,1.1111,
795.9547, ,0,
796.959, ,1.1111,
798.8422, ,0,
799.721, ,1.1111,
800.1604, ,0,
800.9765,24.6166, ,
801.0392, ,2.2222,
801.4159, ,1.1111,
802.8596,24.1476, ,
803.1107, ,0,
803.5501, ,1.1111,
804.4917,23.6808, ,
805.8727, ,0,
806.626,23.2164, ,
806.7515, ,1.1111,
807.1282, ,0,
807.5676, ,1.1111,
807.6931,22.7646, ,
808.8858, ,0,
809.2624,22.315, ,
809.7646,21.8678, ,
811.0201, ,1.1111,
812.7777, ,0,
813.782, ,1.1111,
814.1587, ,0,
814.5981, ,1.1111,
815.8535, ,0,
816.2929, ,1.1111,
817.2345,21.423, ,
817.2973, ,0,
818.2389, ,1.1111,
818.5527, ,0,
819.0549, ,0,
821.0009,20.9887, ,
821.5658, ,1.1111,
821.8169, ,1.1111,
822.8213, ,0,
823.1979, ,0,
824.9555, ,1.1111,
825.3949, ,0,
827.9058,20.5568, ,
829.5379,20.1273, ,
830.5423,19.7002, ,
831.6094,19.2821, ,
831.9233, ,1.1111,
833.8692, ,0,
834.3086,18.8665, ,
834.6853, ,1.1111,
836.8195, ,0,
837.3217, ,0,
838.8282, ,1.1111,
840.6486, ,0,
841.5275, ,1.1111,
842.2807,18.4534, ,
843.85, ,0,
843.9128,18.0428, ,
844.1639, ,0,
845.7332, ,1.1111,
846.7376, ,0,
847.0514, ,1.1111,
847.4908, ,0,
848.7463, ,1.1111,
850.6295, ,0,
851.5083, ,1.1111,
851.8849, ,0,
852.3243, ,1.1111,
852.4499,17.6399, ,
853.5798, ,0,
854.0192,17.2396,1.1111,
854.4586, ,0,
855.5885,16.8419, ,
855.714, ,1.1111,
856.7812, ,1.1111,
857.2206, ,0,
857.7228,16.4468, ,
858.476, ,1.1111,
858.9154, ,0,
859.2921, ,1.1111,
860.5475, ,0,
861.0497, ,1.1111,
862.1168, ,0,
862.4935, ,1.1111,
863.5606, ,0,
863.6234,16.0586, ,
864, ,0,
865.5693, ,0,
865.9459, ,1.1111,
866.3226, ,0,
866.762, ,1.1111,
867.0759, ,0,
867.3269,15.673, ,
868.2058, ,1.1111,
868.3941,15.29, ,
868.6452, ,0,
869.524, ,1.1111,
870.5283,14.9098, ,
870.5911, ,0,
870.905, ,0,
873.1648, ,0,
873.5414, ,1.1111,
873.918, ,0,
874.2319,14.5357, ,
875.3618, ,1.1111,
875.7384, ,0,
876.6173, ,2.2222,
877.0567, ,1.1111,
877.9983,14.1643, ,
878.8143, ,0,
879.3165, ,0,
879.7559, ,1.1111,
880.1325, ,0,
880.5719, ,1.1111,
881.0113, ,0,
882.769,13.7957, ,
883.4595, ,2.2222,
883.9616, ,1.1111,
884.9032,13.4298, ,
885.8448, ,0,
886.2214, ,1.1111,
886.6609, ,2.2222,
887.1003, ,1.1111,
887.5397, ,2.2222,
887.9163, ,1.1111,
888.6696,13.0696, ,
888.7323, ,0,
889.109, ,1.1111,
889.5484, ,0,
889.9878, ,1.1111,
890.3644, ,2.2222,
890.7411, ,1.1111,
891.871,12.7122, ,
892.6242, ,0,
893.4403,12.3577, ,
893.5031, ,2.2222,
893.8169, ,1.1111,
895.6373, ,0,
896.0767,12.006,0,
898.211,11.6596, ,
899.2781,11.3161, ,
900.5336, ,2.2222,
900.973, ,1.1111,
901.4124, ,0,
901.7262, ,1.1111,
902.2284, ,0,
903.0445,10.9756, ,
903.9233,10.6382, ,
907.5641, ,1.1111,
909.3845, ,0,
910.3261, ,1.1111,
911.0166,10.3056, ,
912.5859, ,0,
914.218,9.9761, ,
914.469, ,2.2222,
914.8457, ,1.1111,
916.6033, ,0,
916.7289,9.6498, ,
917.0427, ,0,
917.4194,9.3266, ,
917.4821, ,1.1111,
917.9215, ,0,
918.3609, ,1.1111,
918.4865,9.0082, ,
918.8003, ,0,
920.0558,8.693, ,
920.1813, ,0,
920.6207,8.3811, ,
921.1857, ,1.1111,
921.6879,8.0726, ,
922.1273, ,0,
922.5667, ,1.1111,
923.5711, ,0,
923.8221,7.7688, ,
924.0105, ,0,
924.3243, ,1.1111,
924.7637, ,0,
927.2119, ,0,
927.5257,7.4684, ,
928.1534, ,1.1111,
929.2833, ,0,
930.0366,7.1715, ,
931.4176, ,1.1111,
932.3592,6.8782, ,
933.3636, ,0,
933.803, ,0,
933.9285,6.5897, ,
935.4978, ,0,
937.0044, ,1.1111,
937.381, ,0,
937.6321,6.3048, ,
938.2598, ,2.2222,
939.2014, ,1.1111,
939.6408, ,1.1111,
941.3984,6.0237, ,
943.3444,5.7465,0,
943.721, ,0,
945.102,5.7302, ,
945.4159, ,1.1111,
947.4874, ,0,
947.864, ,0,
948.3034,5.7139, ,
951.0026, ,1.1111,
951.3793, ,0,
951.8187, ,1.1111,
952.0697,5.6976, ,
952.5719,5.6813, ,
953.2624, ,0,
953.6391,5.6787, ,
953.7018, ,0,
955.2084, ,1.1111,
955.7733,5.676, ,
956.6521,5.6734, ,
957.2799, ,0,
957.7193, ,1.1111,
958.1587, ,0,
958.9747,5.6707, ,
959.0375, ,2.2222,
959.4769, ,1.1111,
961.5484, ,0,
961.925, ,0,
962.1761,5.669, ,
962.3644, ,1.1111,
962.8666, ,0,
963.2432, ,1.1111,
963.6827, ,0,
964.3104,5.6672, ,
964.9381, ,1.1111,
965.3775, ,0,
965.5658, ,1.1111,
966.0052, ,2.2222,
966.3819, ,1.1111,
966.9468,5.6654, ,
967.3862, ,1.1111,
967.7629, ,0,
969.2066, ,2.2222,
969.3949, ,1.1111,
971.5292, ,0,
973.2241, ,1.1111,
973.3496,5.6637, ,
973.6635, ,0,
974.6678, ,1.1111,
975.6094, ,0,
975.9861, ,1.1111,
976.551,5.6619, ,
977.0532,5.6601, ,
978.1203,5.6584,0,
978.5597, ,1.1111,
980.2546,5.6566, ,
982.2005, ,0,
983.2049, ,2.2222,
983.5187, ,1.1111,
985.5275, ,1.1111,
985.9669, ,0,
986.4063, ,1.1111,
986.7829, ,0,
987.2223, ,1.1111,
987.6617, ,0,
987.7245,5.6548, ,
990.0471, ,1.1111,
991.4908,5.653, ,
992.1186, ,0,
992.558, ,1.1111,
992.9974, ,0,
993.374, ,1.1111,
993.6879, ,0,
994.0017, ,1.1111,
994.3784, ,0,
995.5711, ,1.1111,
996.2616,5.6512, ,
998.3958,5.6494, ,
999.0863, ,0,
999.5257, ,1.1111,
999.9651, ,2.2222,
1000.4045, ,1.1111,
1002.3505, ,1.1111,
1002.7899, ,0,
1003.1665,5.6404, ,
1003.7315, ,1.1111,
1004.9241, ,0,
1006.9329,5.6314,2.2222,
1007.3723, ,1.1111,
1009.0671,5.6225, ,
1009.3182, ,0,
1009.7576, ,0,
1010.6364,5.6135, ,
1011.2014, ,1.1111,
1011.578, ,0,
1012.2685,5.5687, ,
1013.9634, ,2.2222,
1014.4028,5.5239,1.1111,
1014.905,5.4793, ,
1016.3487, ,1.1111,
1016.8509,5.4348, ,
1018.1064,5.3926, ,
1018.6085,5.3505, ,
1019.1107, ,0,
1019.5501, ,0,
1019.6757,5.3085, ,
1020.7428,5.2666, ,
1020.9311, ,2.2222,
1021.8727, ,1.1111,
1022.2493, ,1.1111,
1022.8771,5.0587, ,
1026.0157, ,0,
1027.8361, ,2.2222,
1028.0872, ,1.1111,
1030.0959, ,0,
1030.4725, ,1.1111,
1031.4141,4.8533, ,
1032.4185, ,0,
1033.5484,4.6505,1.1111,
1033.925, ,0,
1034.3017, ,1.1111,
1034.7411, ,2.2222,
1035.1805, ,1.1111,
1037.0009, ,0,
1037.3775, ,1.1111,
1037.7541, ,1.1111,
1038.7585, ,1.1111,
1038.884,4.4505, ,
1039.7001, ,0,
1040.1395, ,0,
1041.5205,4.1543, ,
1041.646, ,2.2222,
1042.0227, ,1.1111,
1043.9058, ,0,
1044.2197,3.8647, ,
1044.3452, ,1.1111,
1044.5963, ,1.1111,
1045.7262, ,1.1111,
1046.8561, ,0,
1047.2956, ,0,
1048.9904, ,1.1111,
1049.367, ,0,
1050.0575,3.5819, ,
1051.6896,3.3063, ,
1051.7524, ,1.1111,
1053.8239, ,0,
1054.2633, ,1.1111,
1054.6399, ,0,
1054.891,3.0545, ,
1055.1421, ,1.1111,
1055.5815, ,1.1111,
1056.5859, ,0,
1057.0253, ,1.1111,
1057.4019, ,0,
1058.0924,2.8095, ,
1058.469, ,2.2222,
1058.9085, ,1.1111,
1060.1639,2.5718, ,
1061.0427, ,0,
1061.4821, ,1.1111,
1061.796,2.3417, ,
1062.8631,2.1317, ,
1063.6792, ,0,
1063.993, ,1.1111,
1064.4324, ,0,
1065.4996,1.9291,1.1111,
1066.755, ,1.1111,
1067.6966, ,0,
1068.136, ,1.1111,
1068.4499, ,0,
1068.952, ,1.1111,
1069.2659, ,0,
1069.7681, ,1.1111,
1070.2075, ,0,
1070.333,1.7344, ,
1072.4673, ,2.2222,
1073.1578, ,1.1111,
1074.0366,1.5478, ,
1074.6016,1.3803, ,
1076.7358,1.2207, ,
1080.4394,1.0693, ,
1081.5065,0.9265, ,
1082.0087, ,0,
1082.4481, ,2.2222,
1082.6364, ,1.1111,
1083.6408,0.8, ,
1084.7707, ,0,
1085.2101,0.6818,1.1111,
1085.6495, ,0,
1085.9006, ,1.1111,
1086.34, ,1.1111,
1086.8422,0.5721, ,
1087.7838, ,1.1111,
1088.4115, ,0,
1089.4786, ,1.1111,
1090.5458,0.4713,1.1111,
1091.5501, ,0,
1091.9895, ,1.1111,
1092.1779,0.3828, ,
1092.4289, ,0,
1092.8684, ,1.1111,
1093.245,0.3031, ,
1093.3078, ,0,
1093.6216, ,1.1111,
1093.9983, ,0,
1096.4464,0.2322,2.2222,
1096.823, ,1.1111,
1099.0828,0.1705, ,
1102.7864,0.1178, ,
1103.0375, ,1.1111,
1103.4769, ,2.2222,
1103.9163, ,1.1111,
1104.9207,0.0747, ,
1105.7367, ,0,
1106.2389, ,1.1111,
1108.1221,0.0413, ,
1108.7498, ,1.1111,
1109.3775, ,0,
1110.1935, ,1.1111,
1110.8213,0.0176, ,
1111.5745, ,1.1111,
1112.5789, ,0,
1113.0183, ,1.1111,
1113.3322, ,1.1111,
1115.3409, ,0,
1115.592,0.003, ,
1115.8431, ,1.1111,
1116.2197, ,0,
1117.2241, ,1.1111,
1118.2912, ,0,
1118.7306, ,1.1111,
1118.7934,0, ,
1119.1072, ,0,
1120.2371, ,2.2222,
1120.9276,0.0084, ,
1121.1787, ,1.1111,
1121.4926, ,2.2222,
1121.932, ,1.1111,
1121.9948,0.0282, ,
1124.129,0.0595, ,
1125.1962,0.1019, ,
1126.2633,0.1554, ,
1126.7027, ,0,
1127.1421, ,2.2222,
1127.5187, ,1.1111,
1129.7786, ,0,
1130.218, ,1.1111,
1130.5318, ,1.1111,
1132.6033, ,1.1111,
1133.5449, ,0,
1134.0471, ,2.2222,
1134.4865, ,1.1111,
1134.8003,0.2197, ,
1136.3069, ,0,
1137.8134, ,1.1111,
1138.1901, ,1.1111,
1139.3827, ,0,
1139.7594, ,1.1111,
1140.0732, ,0,
1140.136,0.2961, ,
1141.2659, ,1.1111,
1142.5214, ,1.1111,
1142.7724,0.3832, ,
1143.5885, ,0,
1143.9651, ,1.1111,
1145.4089,0.4805, ,
1146.3505, ,0,
1146.7899, ,1.1111,
1146.9782, ,0,
1148.7358, ,1.1111,
1148.9869, ,0,
1149.1752,0.5877, ,
1151.4978, ,2.2222,
1151.8117,0.7091, ,
1151.8745, ,1.1111,
1152.3766,0.8404, ,
1152.8788, ,1.1111,
1155.8291, ,2.2222,
1156.0802,0.9812, ,
1156.143, ,1.1111,
1158.4028, ,2.2222,
1159.2816,1.1311, ,
1159.3444, ,1.1111,
1159.721, ,2.2222,
1160.0349, ,1.1111,
1161.4159,1.2985, ,
1161.7297, ,1.1111,
1163.5501,1.4751, ,
1165.5588, ,1.1111,
1166.7515,1.6605, ,
1168.007, ,1.1111,
1168.3208, ,2.2222,
1168.6347, ,1.1111,
1170.769, ,0,
1170.8317, ,1.1111,
1172.0872,1.8543, ,
1172.5894,2.0702, ,
1172.6521, ,1.1111,
1175.1003, ,1.1111,
1175.5397, ,2.2222,
1175.7908,2.2947, ,
1175.9791, ,1.1111,
1177.9878, ,1.1111,
1180.0593,2.5275, ,
1181.5658, ,0,
1181.6914,2.7681, ,
1182.4446, ,1.1111,
1183.7629,3.0356, ,
1184.7044, ,0,
1184.83,3.3113, ,
1185.1439, ,1.1111,
1185.8971,3.5949, ,
1186.9643,3.886, ,
1187.9058, ,0,
1188.0314,4.207, ,
1188.3452, ,1.1111,
1188.5336, ,0,
1188.973, ,1.1111,
1189.4124, ,2.2222,
1189.8518, ,1.1111,
1190.7306,4.5359, ,
1191.9861, ,0,
1192.3627, ,2.2222,
1192.8021, ,1.1111,
1193.367,4.8724, ,
1193.932,5.216, ,
1195.0619, ,0,
1195.3758, ,1.1111,
1195.8152, ,1.1111,
1197.1334,5.5885, ,
1198.7027,5.9685, ,
1199.1421, ,0,
1199.456, ,2.2222,
1199.5815,6.3557, ,
1199.8326, ,1.1111,
1200.3348,6.7498, ,
1202.469,7.1672, ,
1205.6077,7.5916, ,
1206.9887, ,2.2222,
1207.4281, ,1.1111,
1208.3069,8.0228, ,
1209.6251, ,2.2222,
1210.4412,8.4606, ,
1210.8178, ,1.1111,
1211.2572, ,2.2222,
1211.4455, ,1.1111,
1212.0105,8.6494, ,
1213.3915, ,2.2222,
1213.8309, ,1.1111,
1214.0192, ,2.2222,
1214.898, ,1.1111,
1215.2119,8.8394, ,
1216.279,9.0305, ,
1217.3461, ,2.2222,
1217.8483, ,1.1111,
1218.8527, ,1.1111,
1220.0453,9.2227, ,
1220.1709, ,2.2222,
1222.1796,9.416, ,
1222.2424, ,1.1111,
1223.184, ,1.1111,
1223.5606, ,2.2222,
1225.6949, ,2.2222,
1225.8832,9.6105, ,
1226.762, ,2.2222,
1227.2014, ,3.3333,
1227.4525, ,2.2222,
1228.5196,9.806, ,
1228.6452, ,2.2222,
1229.9006, ,1.1111,
1230.34, ,3.3333,
1230.7167, ,2.2222,
1232.286,10.0026, ,
1233.7297, ,3.3333,
1233.7297, ,2.2222,
1237.0567,10.3695, ,
1237.0567,10.74, ,
1237.4333, ,3.3333,
1238.4377, ,2.2222,
1240.5092, ,3.3333,
1240.823,11.114, ,
1241.7018, ,2.2222,
1242.0157, ,3.3333,
1242.3923,11.4914, ,
1242.4551, ,2.2222,
1245.1543, ,3.3333,
1245.6565, ,2.2222,
1246.0959,11.8858, ,
1247.7908, ,3.3333,
1248.7951, ,2.2222,
1249.109, ,3.3333,
1249.5484, ,2.2222,
1250.9294, ,3.3333,
1251.9965,12.2837, ,
1253.0636,12.6851, ,
1253.252, ,2.2222,
1253.6914, ,3.3333,
1254.068, ,2.2222,
1254.1308,13.09, ,
1254.5074, ,3.3333,
1255.0096, ,3.3333,
1256.265,13.528, ,
1256.4534, ,3.3333,
1257.3322,13.9698, ,
1257.4577, ,2.2222,
1257.8971, ,4.4444,
1258.3365, ,3.3333,
1260.8474, ,3.3333,
1261.0357,14.4153, ,
1261.0985, ,4.4444,
1261.5379, ,3.3333,
1264.8021,14.8645, ,
1265.5554, ,4.4444,
1265.8065,15.3499, ,
1265.9948, ,3.3333,
1267.0619, ,3.3333,
1267.9407,15.8393, ,
1268.3801, ,4.4444,
1270.9538, ,3.3333,
1271.3932, ,5.5556,
1271.7071,16.3328,4.4444,
1272.7742,16.83, ,
1273.2764,17.3662, ,
1275.4106,17.9066, ,
1275.9128, ,5.5556,
1276.3522, ,4.4444,
1277.5449,18.4511, ,
1278.4237, ,5.5556,
1278.612,18.9997, ,
1279.7419, ,4.4444,
1280.1813, ,5.5556,
1280.6207, ,4.4444,
1281.3112,19.5857, ,
1281.6879, ,5.5556,
1284.1988, ,4.4444,
1284.2616,20.176, ,
1284.6382, ,5.5556,
1285.0776, ,4.4444,
1285.517, ,5.5556,
1285.8936, ,6.6667,
1286.333, ,5.5556,
1286.5841,20.7705, ,
1288.6556, ,6.6667,
1289.7228, ,5.5556,
1290.1622, ,6.6667,
1290.6016, ,5.5556,
1291.4176,21.3692, ,
1292.0453, ,6.6667,
1294.4935, ,6.6667,
1295.1212,21.9972, ,
1295.435, ,6.6667,
1296.2511, ,6.6667,
1297.8204,22.6294, ,
1298.762, ,5.5556,
1299.0759, ,7.7778,
1299.5153, ,6.6667,
1301.0218,23.2657, ,
1302.0889,23.906, ,
1302.5283, ,7.7778,
1302.9677, ,6.6667,
1303.2816, ,7.7778,
1304.2232,24.562, ,
1304.3487, ,6.6667,
1304.7881, ,7.7778,
1305.1648, ,6.6667,
1306.2319, ,8.8889,
1306.2947, ,7.7778,
1308.8056, ,6.6667,
1308.9939,25.2219, ,
1309.245, ,8.8889,
1309.6844, ,7.7778,
1312.6975,25.8856, ,
1314.3296,26.5528, ,
1316.2755,27.2223, ,
1316.4638, ,8.8889,
1317.5937, ,7.7778,
1318.0331, ,8.8889,
1318.4098, ,7.7778,
1319.6652, ,8.8889,
1321.6739,27.8952, ,
1322.1761, ,7.7778,
1322.6155, ,8.8889,
1322.9294, ,8.8889,
1323.3688,28.5712, ,
1324.0593, ,8.8889,
1324.4359,29.2503, ,
1326.5702,29.9233, ,
1326.6957, ,10,
1327.9512, ,8.8889,
1328.3278, ,10,
1328.6417, ,8.8889,
1329.2066,30.5989, ,
1330.0227, ,10,
1331.9058,31.2772, ,
1332.5336, ,10,
1333.4752,31.9579, ,
1334.4795, ,10,
1335.6722, ,10,
1337.116, ,11.1111,
1337.2415,32.6293, ,
1338.4342, ,11.1111,
1339.3758,33.3027,10,
1340.3173, ,11.1111,
1340.4429,33.9782, ,
1343.0793,34.6554, ,
1344.6486, ,12.2222,
1345.0881, ,11.1111,
1346.2807,35.3233, ,
1347.4734, ,12.2222,
1347.9128,35.9928, ,
1349.4821,36.6636, ,
1349.8588, ,11.1111,
1350.1726, ,12.2222,
1350.612, ,12.2222,
1352.1186,37.3357, ,
1353.1857,37.9996, ,
1353.7507,38.6645, ,
1354.2528, ,12.2222,
1354.6295, ,13.3333,
1355.32,39.3303, ,
1355.8849, ,12.2222,
1356.3243, ,13.3333,
1356.6382, ,12.2222,
1357.7053, ,14.4444,
1358.082, ,13.3333,
1359.5885,39.9969, ,
1360.7184, ,14.4444,
1361.8483, ,14.4444,
1362.2877,40.6566, ,
1363.041, ,13.3333,
1363.3548,41.3169,14.4444,
1364.1709, ,14.4444,
1364.9241,41.9775, ,
1364.9869, ,14.4444,
1365.4891,42.6384, ,
1367.6861, ,15.5556,
1368.1255,43.2941, ,
1368.8788, ,14.4444,
1369.2554, ,15.5556,
1369.6949, ,14.4444,
1371.0759, ,15.5556,
1373.0846, ,14.4444,
1373.524, ,15.5556,
1374.4656, ,15.5556,
1375.0305,43.9498, ,
1376.0976,44.6054, ,
1378.0436, ,16.6667,
1378.7969,45.2607, ,
1379.048, ,15.5556,
1379.4874, ,16.6667,
1379.864,45.9125,15.5556,
1380.9311,46.5638, ,
1381.3705, ,16.6667,
1383.7559, ,15.5556,
1384.1325,47.2146,16.6667,
1384.5719, ,15.5556,
1385.0113, ,16.6667,
1385.3252, ,17.7778,
1385.7646, ,16.6667,
1387.3339,47.8646, ,
1388.401, ,17.7778,
1389.6565, ,16.6667,
1390.0959, ,17.7778,
1390.4098, ,16.6667,
1391.0375,48.5129, ,
1391.6024, ,16.6667,
1391.9791, ,17.7778,
1392.7951, ,17.7778,
1394.7411,49.1602, ,
1395.8082,49.8065, ,
1395.9965, ,18.8889,
1396.4359, ,17.7778,
1396.8753,50.4516, ,
1397.4403, ,18.8889,
1397.8797, ,17.7778,
1398.5074,51.0969, ,
1399.0096, ,18.8889,
1401.7088,51.7408, ,
1402.3993, ,18.8889,
1403.592, ,18.8889,
1404.9102,52.3832, ,
1405.789, ,20,
1407.5466,53.0241,20,
1408.8021, ,18.8889,
1409.1787, ,20,
1409.5554, ,18.8889,
1409.6809,53.6673, ,
1411.8152,54.3088, ,
1412.3801, ,20,
1414.7027, ,18.8889,
1415.1421, ,20,
1415.5187,54.5877, ,
1415.5815, ,18.8889,
1415.8954, ,20,
1419.9756, ,21.1111,
1420.415, ,20,
1421.6704, ,20,
1422.4865,55.0614, ,
1422.8631, ,21.1111,
1426.1901,55.5342, ,
1426.3784, ,22.2222,
1426.6922, ,21.1111,
1427.6338, ,22.2222,
1427.9477, ,21.1111,
1429.8309, ,22.2222,
1429.9564,56.0061, ,
1433.8483, ,23.3333,
1434.2249, ,22.2222,
1435.2921, ,22.2222,
1436.7358, ,23.3333,
1437.3636,56.4406, ,
1439.3723, ,22.2222,
1439.7489, ,24.4444,
1440.1255, ,23.3333,
1440.565,56.8742, ,
1441.381, ,23.3333,
1443.5153, ,24.4444,
1443.8291, ,23.3333,
1444.2058, ,24.4444,
1445.524, ,23.3333,
1445.9006, ,24.4444,
1446.2772, ,23.3333,
1446.7167, ,24.4444,
1447.1561, ,25.5556,
1447.5327, ,24.4444,
1449.102,57.3069, ,
1450.2947, ,25.5556,
1451.3618, ,24.4444,
1451.8012, ,25.5556,
1452.6173, ,24.4444,
1453.6844, ,25.5556,
1454.9398,57.7387, ,
1457.0741,57.7693, ,
1458.1412, ,26.6667,
1458.3923, ,25.5556,
1460.7777, ,25.5556,
1460.8405,58.4086, ,
1461.0915, ,26.6667,
1462.9747,59.0453, ,
1463.4769, ,25.5556,
1463.9163, ,26.6667,
1464.1674, ,27.7778,
1464.6068, ,26.6667,
1465.6112,59.6793, ,
1467.3688, ,27.7778,
1468.8126,59.8227, ,
1470.4446,59.966, ,
1471.5118,60.1092, ,
1471.7629, ,28.8889,
1472.2023, ,27.7778,
1474.4621, ,28.8889,
1477.7262, ,30,
1478.9189,60.2522,28.8889,
1479.3583, ,30,
1479.7977, ,28.8889,
1480.551,60.395, ,
1481.0532, ,30,
1483.7524,60.5377, ,
1485.6983, ,31.1111,
1486.1378, ,30,
1487.3304, ,30,
1488.272, ,31.1111,
1489.9041,60.6803, ,
1491.4734, ,32.2222,
1491.7245,60.8227, ,
1492.7289, ,31.1111,
1493.1683, ,32.2222,
1494.0471, ,31.1111,
1494.4865, ,32.2222,
1494.9259, ,32.2222,
1498.5039, ,33.3333,
1498.8806, ,32.2222,
1499.32, ,33.3333,
1499.6966,60.9909, ,
1500.4499, ,32.2222,
1500.8265, ,33.3333,
1501.6425, ,33.3333,
1501.8309,61.1589, ,
1502.3958,61.3266, ,
1502.5841, ,33.3333,
1503.9651,61.4942, ,
1505.5344, ,34.4444,
1506.7271, ,34.4444,
1507.7315,62.1073, ,
1507.9826, ,33.3333,
1508.422, ,34.4444,
1508.8614, ,34.4444,
1510.1168, ,34.4444,
1511.435,62.7174, ,
1512.3766, ,35.5556,
1512.816, ,35.5556,
1514.1343, ,34.4444,
1514.3854, ,35.5556,
1515.1386,63.3243, ,
1515.3897, ,35.5556,
1518.9677, ,35.5556,
1520.286, ,34.4444,
1520.7254, ,35.5556,
1521.0392,63.928, ,
1521.1648, ,34.4444,
1521.5414,64.5189, ,
1522.4202, ,35.5556,
1523.1735,65.1066, ,
1524.7428,65.6909, ,
1526.061, ,36.6667,
1526.5004, ,35.5556,
1526.8771, ,36.6667,
1527.6931, ,35.5556,
1527.9442,66.2718, ,
1528.1325, ,36.6667,
1529.1369, ,36.6667,
1532.8405, ,37.7778,
1533.2799,66.8526, ,
1534.2214, ,37.7778,
1535.4141,67.4297,36.6667,
1535.8535, ,37.7778,
1536.0418, ,38.8889,
1536.4185, ,37.7778,
1536.9834,68.0033, ,
1539.871, ,38.8889,
1540.1848,68.5731, ,
1540.3104, ,38.8889,
1541.8169, ,38.8889,
1543.6373, ,40,
1544.5789, ,38.8889,
1544.8928, ,40,
1545.5205,69.1461,38.8889,
1546.3365,69.7152, ,
1546.6504, ,40,
1547.6548,70.2803, ,
1550.1029, ,41.1111,
1550.354,70.8415, ,
1550.4795, ,40,
1551.4839, ,41.1111,
1551.9233, ,40,
1552.9904, ,41.1111,
1553.1787, ,41.1111,
1553.5554,71.4093, ,
1557.51, ,42.2222,
1558.2633, ,41.1111,
1558.7027, ,42.2222,
1559.8954, ,41.1111,
1560.272, ,43.3333,
1560.9625,71.9729, ,
1561.2764, ,42.2222,
1561.7158, ,43.3333,
1562.1552, ,42.2222,
1562.5946,72.5321, ,
1563.0968,73.087, ,
1563.599, ,43.3333,
1567.3653, ,44.4444,
1567.8047, ,44.4444,
1569.0602, ,43.3333,
1569.4996, ,44.4444,
1569.8762, ,43.3333,
1570.3784, ,44.4444,
1570.5667,73.6525, ,
1572.701,74.2132, ,
1573.9564, ,45.5556,
1575.0235, ,44.4444,
1575.4629, ,45.5556,
1576.4045, ,44.4444,
1577.4089, ,45.5556,
1577.4717,74.7692, ,
1578.0366,75.3204, ,
1580.1709, ,45.5556,
1580.9869, ,45.5556,
1581.7402,75.8611, ,
1581.9913, ,46.6667,
1582.4307, ,45.5556,
1584.4394,76.3971, ,
1584.565, ,46.6667,
1586.0087,76.9282, ,
1587.5153, ,46.6667,
1587.6408,77.4545, ,
1587.9547, ,47.7778,
1588.7079,77.9377, ,
1589.0218, ,46.6667,
1589.9006, ,46.6667,
1591.3444, ,47.7778,
1592.4115,78.4167, ,
1594.0436,78.8914, ,
1594.1064, ,47.7778,
1594.5458, ,48.8889,
1594.9224, ,47.7778,
1595.9268, ,48.8889,
1596.3662, ,47.7778,
1597.7472,79.3619, ,
1598.3121, ,48.8889,
1598.6888, ,48.8889,
1600.8858, ,47.7778,
1601.2624, ,47.7778,
1601.4507,79.8034, ,
1602.204, ,48.8889,
1602.7062, ,47.7778,
1603.7733, ,47.7778,
1604.15,80.2411, ,
1605.1543, ,48.8889,
1607.728,80.6749, ,
1608.0418, ,48.8889,
1608.4813, ,50,
1608.9207, ,48.8889,
1609.9878, ,50,
1610.4272, ,48.8889,
1611.0549,81.1049, ,
1611.5571, ,50,
1614.8213,81.5139, ,
1616.1395, ,51.1111,
1616.4534, ,50,
1617.8344, ,50,
1618.5248,81.9194, ,
1618.8387, ,51.1111,
1619.592,82.3213, ,
1622.1656, ,52.2222,
1622.2284,82.7196, ,
1623.4211, ,51.1111,
1623.7977, ,52.2222,
1624.2371, ,51.1111,
1625.4298,83.1016, ,
1625.8065, ,52.2222,
1627.0619,83.4803, ,
1628.5057, ,52.2222,
1628.9451, ,53.3333,
1629.1962,83.8556, ,
1629.3217, ,52.2222,
1630.2633,84.2275, ,
1630.5144, ,53.3333,
1630.891, ,52.2222,
1632.6486, ,53.3333,
1632.8997,84.5862, ,
1633.4647,84.9417, ,
1634.8457, ,53.3333,
1636.5405, ,54.4444,
1636.6661,85.294, ,
1636.9799, ,53.3333,
1637.7332,85.6431, ,
1639.4908, ,53.3333,
1639.8047,85.9811, ,
1639.9303, ,54.4444,
1640.8718,86.316, ,
1641.2485, ,54.4444,
1642.5039, ,54.4444,
1642.8806, ,55.5556,
1643.0061,86.648, ,
1643.32, ,54.4444,
1646.1447, ,55.5556,
1646.2075,86.9768, ,
1647.2746,87.2962, ,
1647.3374, ,54.4444,
1647.714, ,55.5556,
1648.1534, ,54.4444,
1649.66, ,55.5556,
1652.1709, ,54.4444,
1652.6103, ,55.5556,
1653.6774,87.6126, ,
1656.3766,87.9261, ,
1656.6905, ,56.6667,
1657.1299, ,56.6667,
1658.3854, ,55.5556,
1658.8248, ,56.6667,
1659.578,88.2366, ,
1663.5327, ,57.7778,
1664.3487,88.5389, ,
1664.7881, ,56.6667,
1665.2276, ,57.7778,
1665.667, ,56.6667,
1666.9852,88.8384,57.7778,
1667.5501,89.135, ,
1668.0523,89.4288, ,
1669.1194,89.7153, ,
1669.8727, ,56.6667,
1670.2493, ,57.7778,
1670.6888, ,56.6667,
1671.2537,89.999, ,
1671.8187,90.28, ,
1671.8814, ,56.6667,
1673.4507, ,57.7778,
1676.0872,90.5583,56.6667,
1676.5266, ,57.7778,
1676.966, ,57.7778,
1678.2214,90.83,57.7778,
1680.7323, ,57.7778,
1681.1718, ,58.8889,
1682.4272, ,57.7778,
1682.8666, ,58.8889,
1683.306, ,57.7778,
1683.7454, ,58.8889,
1684.1848, ,60,
1684.6242, ,58.8889,
1687.449, ,60,
1688.7044, ,58.8889,
1689.1439, ,60,
1689.3949,91.099, ,
1690.0854, ,58.8889,
1690.5248, ,60,
1690.9643, ,60,
1693.0985,91.3654, ,
1694.4795, ,61.1111,
1694.9189, ,60,
1695.2328,91.6291, ,
1695.2956, ,61.1111,
1696.4882, ,60,
1696.9276, ,61.1111,
1697.367,91.8868,60,
1697.7437, ,61.1111,
1698.9991,92.142, ,
1700.5684,92.3945, ,
1702.075, ,62.2222,
1702.1378,92.6444, ,
1702.5144, ,61.1111,
1703.7071, ,61.1111,
1704.837,92.8889,62.2222,
1707.7873, ,62.2222,
1708.1639, ,63.3333,
1708.5405, ,62.2222,
1710.1726,93.1309, ,
1711.4281, ,63.3333,
1712.3069,93.3702, ,
1712.6207, ,62.2222,
1712.8718, ,63.3333,
1713.8762, ,62.2222,
1714.8178, ,63.3333,
1715.5083,93.6068, ,
1716.0105,93.8386, ,
1717.5798, ,63.3333,
1719.7768,94.0677, ,
1721.7855, ,64.4444,
1722.0366, ,63.3333,
1722.476, ,64.4444,
1722.9154,94.2942, ,
1723.6687, ,63.3333,
1723.857,94.518, ,
1724.1081, ,64.4444,
1724.5475, ,63.3333,
1724.9869, ,64.4444,
1726.6818,94.7373, ,
1727.3095, ,64.4444,
1728.4394, ,64.4444,
1730.3854,94.954, ,
1731.578, ,63.3333,
1732.7079, ,64.4444,
1733.1473, ,63.3333,
1734.1517,95.1679,64.4444,
1734.5283, ,63.3333,
1735.721, ,64.4444,
1736.7881,95.379, ,
1737.8553,95.586, ,
1738.6085, ,63.3333,
1739.048, ,65.5556,
1739.3618, ,64.4444,
1739.9895,95.7901, ,
1740.5545, ,64.4444,
1741.3078,95.9914, ,
1742.1866, ,65.5556,
1743.442, ,64.4444,
1743.8814, ,65.5556,
1744.3208, ,64.4444,
1744.7602,96.1898, ,
1745.388, ,64.4444,
1745.8274, ,65.5556,
1746.3923,96.3843, ,
1746.769, ,65.5556,
1748.15, ,64.4444,
1748.5266, ,65.5556,
1749.5937,96.5757, ,
1752.2302,96.7641, ,
1753.6112, ,66.6667,
1754.5527, ,65.5556,
1754.9294, ,66.6667,
1755.3688, ,65.5556,
1756.3731, ,66.6667,
1757.0636,96.9492, ,
1758.1308,97.1306, ,
1758.633,97.3087, ,
1760.1395, ,67.7778,
1760.5789, ,66.6667,
1761.3322,97.4832, ,
1763.0898, ,67.7778,
1763.4664,97.6541, ,
1764.3452, ,66.6667,
1764.6591, ,67.7778,
1765.6635, ,66.6667,
1766.6051, ,67.7778,
1767.17,97.8215, ,
1769.367, ,66.6667,
1769.6809, ,68.8889,
1770.1203, ,67.7778,
1773.51, ,68.8889,
1773.8867, ,67.7778,
1774.3261, ,68.8889,
1774.7655, ,67.7778,
1776.6486, ,68.8889,
1776.7742,97.9848, ,
1777.0881, ,67.7778,
1777.9669, ,68.8889,
1778.3435, ,67.7778,
1779.4106,98.1441, ,
1780.2895, ,68.8889,
1780.4778, ,67.7778,
1780.9172, ,68.8889,
1781.9215, ,67.7778,
1782.612,98.299, ,
1784.2441,98.4503, ,
1784.6835, ,68.8889,
1784.7463,98.5968, ,
1785.1229, ,67.7778,
1786.8806,98.7382, ,
1787.9477, ,68.8889,
1788.4499, ,67.7778,
1789.6425, ,66.6667,
1790.082,98.8741, ,
1791.1491, ,67.7778,
1791.5885, ,66.6667,
1793.2833,99.0063, ,
1794.1622, ,67.7778,
1795.4176, ,66.6667,
1795.7942, ,67.7778,
1796.1709, ,66.6667,
1796.4847,99.1321, ,
1797.4891, ,67.7778,
1798.6818, ,66.6667,
1799.1212, ,67.7778,
1799.435, ,66.6667,
1799.6861,99.2514, ,
