<?xml version="1.0" encoding="utf-8"?><!DOCTYPE nta PUBLIC '-//Uppaal Team//DTD Flat System 1.1//EN' 'http://www.it.uu.se/research/group/darts/uppaal/flat-1_1.dtd'><nta><declaration>// Place global declarations here.
chan activate_MEK, activate_ERK;</declaration><template><name x="5" y="5">Raf</name><declaration>// Place local declarations here.
clock t;</declaration><location id="id0" x="16" y="136"><name x="32" y="128">active_Raf</name><label kind="invariant" x="-48" y="128">t &lt; 23</label></location><init ref="id0"/><transition><source ref="id0"/><target ref="id0"/><label kind="guard" x="0" y="200">t &gt; 12</label><label kind="synchronisation" x="-24" y="216">activate_MEK!</label><label kind="assignment" x="0" y="232">t := 0</label><nail x="80" y="216"/><nail x="-40" y="216"/></transition></template><template><name>ERK</name><declaration>clock t;</declaration><location id="id1" x="-576" y="-120"><name x="-560" y="-128">active_ERK</name></location><location id="id2" x="-576" y="-256"><name x="-560" y="-264">inactive_ERK</name></location><init ref="id2"/><transition><source ref="id2"/><target ref="id1"/><label kind="synchronisation" x="-568" y="-200">activate_ERK?</label></transition></template><template><name x="5" y="5">Mek_ridotto</name><declaration>// Place local declarations here.
clock t;</declaration><location id="id3" x="16" y="136"><name x="32" y="128">active_MEK</name><label kind="invariant" x="-40" y="128">t &lt; 20</label></location><init ref="id3"/><transition><source ref="id3"/><target ref="id3"/><label kind="guard" x="0" y="200">t &gt; 18</label><label kind="synchronisation" x="-24" y="224">activate_ERK!</label><label kind="assignment" x="0" y="240">t := 0</label><nail x="80" y="216"/><nail x="-40" y="216"/></transition></template><template><name x="5" y="5">MEK</name><declaration>// Place local declarations here.
clock t;</declaration><location id="id4" x="16" y="136"><name x="32" y="128">active_MEK</name><label kind="invariant" x="-48" y="128">t &lt; 20</label></location><location id="id5" x="16" y="-40"><name x="32" y="-48">inactive_MEK</name></location><init ref="id5"/><transition><source ref="id5"/><target ref="id4"/><label kind="synchronisation" x="24" y="32">activate_MEK?</label></transition><transition><source ref="id4"/><target ref="id4"/><label kind="guard" x="0" y="200">t &gt; 16</label><label kind="synchronisation" x="-24" y="216">activate_ERK!</label><label kind="assignment" x="0" y="232">t := 0</label><nail x="80" y="216"/><nail x="-40" y="216"/></transition></template><system>// Place template instantiations here.
m = Mek_ridotto();
e = ERK();

// List one or more processes to be composed into a system.
system m, e;</system></nta>